model,step,nll_val_avg,nll_val_dim1,nll_val_dim2,nll_val_dim3,nll_val_dim4,nll_val_dim5,nll_val_dim6
bidirectional,100,0.15978193283081055,0.14421001076698303,0.16651159524917603,0.17603936791419983,0.20134423673152924,0.13620667159557343,0.13437971472740173
bidirectional,200,-0.16788324217001596,-0.11100684851408005,-0.3260095417499542,-0.11337167769670486,-0.16736558079719543,-0.1867191195487976,-0.10282668471336365
bidirectional,300,-0.42882229884465534,-0.5076895952224731,-0.4690605700016022,-0.46921008825302124,-0.40896281599998474,-0.38830575346946716,-0.32970497012138367
bidirectional,400,-0.5230072885751724,-0.6880002617835999,-0.6151919960975647,-0.6114134788513184,-0.494449645280838,-0.4344406723976135,-0.2945476770401001
bidirectional,500,-0.6328480343023936,-0.7791262269020081,-0.737349271774292,-0.739047110080719,-0.5975986123085022,-0.5128087401390076,-0.43115824460983276
bidirectional,600,-0.7181813766558965,-0.961023211479187,-0.8501856923103333,-0.7944474816322327,-0.5988177061080933,-0.6067542433738708,-0.497859925031662
bidirectional,700,-0.688018798828125,-0.9387450218200684,-0.9047817587852478,-0.7599862813949585,-0.5347057580947876,-0.5981292724609375,-0.39176470041275024
bidirectional,800,-0.7537525643905004,-1.0543936491012573,-0.950624406337738,-0.8814479112625122,-0.5507709980010986,-0.6310551166534424,-0.45422330498695374
bidirectional,900,-0.773951788743337,-1.1277657747268677,-0.8765311241149902,-0.8321400284767151,-0.6732296943664551,-0.6163829565048218,-0.5176611542701721
bidirectional,1000,-0.7872875928878784,-1.1984611749649048,-0.9268317222595215,-0.8054630160331726,-0.7016392350196838,-0.6118565201759338,-0.47947388887405396
bidirectional,1100,-0.8494426161050797,-1.2890933752059937,-1.0822184085845947,-0.8330493569374084,-0.7114008069038391,-0.7188615202903748,-0.4620322287082672
bidirectional,1200,-0.6809631337722143,-1.2794345617294312,-1.0248521566390991,-0.8043575286865234,-0.47168877720832825,-0.3032745122909546,-0.20217126607894897
bidirectional,1300,-0.7628849993149439,-1.2605940103530884,-1.0314749479293823,-0.7987256050109863,-0.5233150720596313,-0.567295253276825,-0.39590510725975037
bidirectional,1400,-0.7661460340023041,-1.265555500984192,-0.9453538060188293,-0.7811922430992126,-0.5798649787902832,-0.6396570801734924,-0.38525259494781494
bidirectional,1500,-0.7953987419605255,-1.465481162071228,-1.1031677722930908,-0.7947153449058533,-0.5839245319366455,-0.5708463788032532,-0.2542572617530823
bidirectional,1600,-0.839036633570989,-1.5574390888214111,-1.0392484664916992,-0.8759492039680481,-0.5416759252548218,-0.6062593460083008,-0.41364777088165283
bidirectional,1700,-0.6542092710733414,-0.45487120747566223,-0.9676674604415894,-0.852273166179657,-0.610337495803833,-0.6382542252540588,-0.4018520712852478
bidirectional,1800,-0.7953238089879354,-1.3446807861328125,-1.0402313470840454,-0.8785826563835144,-0.5825802087783813,-0.5425305962562561,-0.38333725929260254
bidirectional,1900,-0.907187799612681,-1.563586711883545,-1.0966628789901733,-0.894016444683075,-0.7383975982666016,-0.6691498756408691,-0.4813132882118225
bidirectional,2000,-0.7721878439188004,-1.1905603408813477,-0.936487078666687,-0.7780106067657471,-0.6210035681724548,-0.6318520307540894,-0.4752134382724762
bidirectional,2100,-0.8239090442657471,-1.6508243083953857,-1.082836627960205,-0.8542011380195618,-0.47233542799949646,-0.5059627294540405,-0.37729403376579285
bidirectional,2200,-0.843574325243632,-1.7147184610366821,-1.079879641532898,-0.8737072348594666,-0.5274268388748169,-0.521324634552002,-0.3443891406059265
bidirectional,2300,-0.8474001834789912,-1.538063883781433,-0.7852804064750671,-0.9470033049583435,-0.6667928099632263,-0.6595680117607117,-0.4876926839351654
bidirectional,2400,-0.80902927617232,-1.531215786933899,-1.0090343952178955,-0.9063017964363098,-0.3528543710708618,-0.6407121419906616,-0.4140571653842926
bidirectional,2500,-0.9502615431944529,-1.730218768119812,-1.0962949991226196,-1.0027225017547607,-0.6188074946403503,-0.7083601355552673,-0.5451653599739075
bidirectional,2600,-0.734926258524259,-1.4004682302474976,-0.9108861088752747,-0.8401609659194946,-0.5502080321311951,-0.5240259766578674,-0.18380823731422424
bidirectional,2700,-0.7647739152113596,-1.3674958944320679,-0.9267731308937073,-0.7097893357276917,-0.6133874654769897,-0.5288330316543579,-0.4423646330833435
bidirectional,2800,-0.8577485084533691,-1.6103816032409668,-1.0819247961044312,-0.832656741142273,-0.506183922290802,-0.6520206928253174,-0.46332329511642456
bidirectional,2900,-0.8310571958621343,-1.656441569328308,-1.0791938304901123,-0.7525904774665833,-0.4850558936595917,-0.6127521395683289,-0.4003092646598816
bidirectional,3000,-0.8804882069428762,-1.782875657081604,-1.2032127380371094,-0.8286256194114685,-0.5421668291091919,-0.5707300901412964,-0.3553183078765869
bidirectional,3100,-0.697146346171697,-1.0705050230026245,-1.0008593797683716,-0.8756039142608643,-0.3477531969547272,-0.5192334055900574,-0.368923157453537
bidirectional,3200,-0.8001648535331091,-1.5630029439926147,-1.0589874982833862,-0.8510132431983948,-0.48121368885040283,-0.5140714645385742,-0.33270028233528137
bidirectional,3300,-0.821202372511228,-1.8169066905975342,-1.1860029697418213,-0.672133207321167,-0.38832539319992065,-0.572858452796936,-0.2909875214099884
bidirectional,3400,-0.8768170972665151,-1.652316927909851,-1.1491520404815674,-0.899050235748291,-0.5156100988388062,-0.676065981388092,-0.3687072992324829
bidirectional,3500,-0.7296884010235468,-1.893155813217163,-0.6594871282577515,-0.6599808931350708,-0.35738512873649597,-0.5175185799598694,-0.2906028628349304
bidirectional,3600,-0.8546656419833502,-1.8828045129776,-1.0852113962173462,-0.7915228009223938,-0.5319944620132446,-0.4856841564178467,-0.3507765233516693
bidirectional,3700,-0.8423313746849695,-1.5207324028015137,-0.9991692304611206,-0.8862717747688293,-0.5446237325668335,-0.6331594586372375,-0.47003164887428284
bidirectional,3800,-0.9051430622736613,-1.5854277610778809,-1.2537778615951538,-0.9318985342979431,-0.6114047169685364,-0.6172247529029846,-0.431124746799469
bidirectional,3900,-0.9466165800889333,-1.6282614469528198,-1.124947428703308,-0.872295618057251,-0.7220093607902527,-0.7388331890106201,-0.5933524370193481
bidirectional,4000,-0.9098416417837143,-1.7520623207092285,-1.2232695817947388,-1.0465543270111084,-0.509762704372406,-0.6160110831260681,-0.31138983368873596
bidirectional,4100,-0.9244401256243387,-1.792535424232483,-1.3833779096603394,-0.81423020362854,-0.5114731788635254,-0.628578782081604,-0.416445255279541
bidirectional,4200,-0.840068981051445,-1.7244478464126587,-0.9416284561157227,-0.8894404172897339,-0.5740665793418884,-0.45553240180015564,-0.45529818534851074
bidirectional,4300,-0.767659455537796,-1.1231846809387207,-0.8874049186706543,-0.8793768286705017,-0.6205615997314453,-0.6814926862716675,-0.4139360189437866
bidirectional,4400,-0.9035745064417521,-1.6538537740707397,-1.2267407178878784,-0.9213954210281372,-0.593177080154419,-0.6550202369689941,-0.37125980854034424
bidirectional,4500,-0.8505297799905142,-1.6541448831558228,-1.0915428400039673,-0.818652331829071,-0.5949686169624329,-0.5703325271606445,-0.37353748083114624
bidirectional,4600,-0.7633474121491114,-1.6341432332992554,-1.080981731414795,-0.8732356429100037,-0.28790152072906494,-0.45088833570480347,-0.2529340088367462
bidirectional,4700,-0.7972305566072464,-1.6484320163726807,-1.0571537017822266,-0.5964871048927307,-0.5266934633255005,-0.5387833714485168,-0.4158336818218231
bidirectional,4800,-0.8826189984877905,-1.7976703643798828,-1.1915323734283447,-0.8520764112472534,-0.5397288799285889,-0.5756472945213318,-0.33905866742134094
bidirectional,4900,-0.8985122243563334,-1.6995187997817993,-1.2988625764846802,-0.8459076285362244,-0.6022540330886841,-0.6088288426399231,-0.33570146560668945
bidirectional,5000,-0.9907160103321075,-1.917831301689148,-1.3746364116668701,-0.9272046089172363,-0.6352206468582153,-0.6483927965164185,-0.4410102963447571
bidirectional,5100,-0.9795355598131815,-1.8766182661056519,-1.2621840238571167,-0.9139305353164673,-0.6567426919937134,-0.6990047097206116,-0.46873313188552856
bidirectional,5200,-1.0468879342079163,-2.0522196292877197,-1.3093160390853882,-0.939430296421051,-0.6875869035720825,-0.7699431777000427,-0.5228315591812134
bidirectional,5300,-0.9317991733551025,-1.9631574153900146,-1.1851648092269897,-0.809962272644043,-0.6179546117782593,-0.6039615273475647,-0.4105944037437439
bidirectional,5400,-0.9008162717024485,-1.77396821975708,-1.0439860820770264,-0.9282799363136292,-0.6159260869026184,-0.5785481929779053,-0.4641891121864319
bidirectional,5500,-1.049963782231013,-1.859765887260437,-1.3592578172683716,-0.9677051901817322,-0.7839909791946411,-0.7439300417900085,-0.5851327776908875
bidirectional,5600,-1.0364331752061844,-2.0458810329437256,-1.241834282875061,-1.0167056322097778,-0.6911512613296509,-0.7242440581321716,-0.49878278374671936
bidirectional,5700,-0.8880224873622259,-1.8792415857315063,-1.1185364723205566,-0.7646707892417908,-0.48302438855171204,-0.7603701949119568,-0.3222914934158325
bidirectional,5800,-1.0248967160781224,-1.9240049123764038,-1.3101575374603271,-1.0287197828292847,-0.7028993964195251,-0.7583041191101074,-0.42529454827308655
bidirectional,5900,-0.9163315643866857,-1.6823631525039673,-1.1703051328659058,-0.7963900566101074,-0.7039774656295776,-0.6650140285491943,-0.4799395501613617
bidirectional,6000,-0.9939054052035013,-1.9906126260757446,-1.2239406108856201,-0.898202121257782,-0.7568742632865906,-0.6596711277961731,-0.4341316819190979
bidirectional,6100,-0.895460178454717,-1.7797584533691406,-1.084137201309204,-0.7557713389396667,-0.5666612386703491,-0.6957345008850098,-0.49069833755493164
bidirectional,6200,-0.9827716052532196,-1.9498484134674072,-1.3373174667358398,-0.8439199924468994,-0.6352447271347046,-0.6699765920639038,-0.46032243967056274
bidirectional,6300,-1.0408472021420796,-1.9521719217300415,-1.4422953128814697,-1.0311943292617798,-0.640230119228363,-0.6289129853248596,-0.5502785444259644
bidirectional,6400,-0.8389993011951447,-1.862146019935608,-1.1713862419128418,-0.7388285994529724,-0.48153573274612427,-0.44073888659477234,-0.3393603265285492
bidirectional,6500,-0.9815042614936829,-1.785304307937622,-1.2510501146316528,-0.946056067943573,-0.7490556240081787,-0.6299593448638916,-0.527600109577179
bidirectional,6600,-0.976501872142156,-1.90362548828125,-1.1321310997009277,-0.9867794513702393,-0.7282485365867615,-0.6754875779151917,-0.4327390789985657
bidirectional,6700,-0.9390590935945511,-1.7495635747909546,-1.2664610147476196,-0.9416047930717468,-0.6739129424095154,-0.6535326242446899,-0.34927961230278015
bidirectional,6800,-0.9452325602372488,-1.3712536096572876,-1.1736433506011963,-1.0211979150772095,-0.7957788109779358,-0.7945634722709656,-0.5149582028388977
bidirectional,6900,-0.9606258720159531,-1.8671468496322632,-1.3311245441436768,-0.8474908471107483,-0.5958734154701233,-0.6958922147750854,-0.4262273609638214
bidirectional,7000,-0.8384689390659332,-1.93784761428833,-1.0269743204116821,-0.7090267539024353,-0.42444491386413574,-0.5170793533325195,-0.4154406785964966
bidirectional,7100,-1.0089014768600464,-1.943753719329834,-1.2117705345153809,-0.9728278517723083,-0.6597264409065247,-0.7198663949966431,-0.5454639196395874
bidirectional,7200,-0.9696921855211258,-1.8156101703643799,-1.2224819660186768,-1.0230504274368286,-0.6733026504516602,-0.6410686373710632,-0.4426392614841461
bidirectional,7300,-1.0185658435026805,-1.9923123121261597,-1.2603759765625,-1.0295357704162598,-0.6171792149543762,-0.7597588896751404,-0.45223289728164673
bidirectional,7400,-0.9658834536870321,-1.550095796585083,-1.3016711473464966,-0.980802595615387,-0.6511045694351196,-0.7935472726821899,-0.5180793404579163
bidirectional,7500,-0.6959244112173716,-1.4145559072494507,-0.8361918330192566,-0.4951629936695099,-0.3842712938785553,-0.5306777954101562,-0.514686644077301
bidirectional,7600,-1.0047015448411305,-2.0057876110076904,-1.0620367527008057,-1.007826805114746,-0.7353090047836304,-0.6800393462181091,-0.5372097492218018
bidirectional,7700,-0.7693144033352534,-1.2393711805343628,-1.2384573221206665,-0.850127100944519,-0.570554792881012,-0.45812490582466125,-0.25925111770629883
bidirectional,7800,-0.955227792263031,-1.9287517070770264,-1.1777536869049072,-0.8509565591812134,-0.6542535424232483,-0.6635408401489258,-0.456110417842865
bidirectional,7900,-0.8344371144970258,-1.8689401149749756,-1.2081880569458008,-0.6617286205291748,-0.40890243649482727,-0.6282383799552917,-0.23062507808208466
bidirectional,8000,-0.8334392408529917,-1.6618473529815674,-1.1406480073928833,-0.809562087059021,-0.5183553695678711,-0.4521714746952057,-0.418051153421402
bidirectional,8100,-1.0186078647772472,-1.8665772676467896,-1.3643733263015747,-0.959622323513031,-0.7929089069366455,-0.6762609481811523,-0.45190441608428955
bidirectional,8200,-1.0828562080860138,-1.9872446060180664,-1.388457179069519,-1.0735983848571777,-0.8323816657066345,-0.6891728043556213,-0.5262826085090637
bidirectional,8300,-1.0206865121920903,-1.9256982803344727,-1.3684275150299072,-1.044283390045166,-0.6734524965286255,-0.6995896100997925,-0.41266778111457825
bidirectional,8400,-0.949558029572169,-1.70902681350708,-1.197558879852295,-0.8187859058380127,-0.6820976138114929,-0.7610387206077576,-0.5288402438163757
bidirectional,8500,-0.9741241286198298,-2.01859974861145,-1.3366755247116089,-0.9866858720779419,-0.6580453515052795,-0.57361900806427,-0.27111926674842834
bidirectional,8600,-1.0503046313921611,-2.086763858795166,-1.3684417009353638,-1.0410975217819214,-0.6741043329238892,-0.6040675044059753,-0.5273528695106506
bidirectional,8700,-0.9358037660519282,-1.999114990234375,-1.031010389328003,-0.8946219086647034,-0.5567247271537781,-0.6984460353851318,-0.434904545545578
bidirectional,8800,-1.114769071340561,-2.107469320297241,-1.402795433998108,-1.0909188985824585,-0.809512734413147,-0.7777790427207947,-0.5001389980316162
bidirectional,8900,-1.0873721241950989,-2.030571222305298,-1.3563859462738037,-1.1225734949111938,-0.7588417530059814,-0.8162435293197632,-0.4396167993545532
bidirectional,9000,-1.110522598028183,-2.0303919315338135,-1.4046963453292847,-1.128464937210083,-0.8097329139709473,-0.7229102253913879,-0.5669392347335815
bidirectional,9100,-1.0519416332244873,-1.9302295446395874,-1.3604700565338135,-1.0267300605773926,-0.7626502513885498,-0.7280879616737366,-0.503481924533844
bidirectional,9200,-0.8203092217445374,-0.6535844206809998,-1.1726107597351074,-0.9438430070877075,-0.806206226348877,-0.7660536170005798,-0.5795572996139526
bidirectional,9300,-1.0781497309605281,-2.145181655883789,-1.300001621246338,-1.1243255138397217,-0.7137808799743652,-0.7008766531944275,-0.484732061624527
bidirectional,9400,-1.0523920754591625,-2.01965069770813,-1.3012953996658325,-1.0774646997451782,-0.7601243257522583,-0.6277746558189392,-0.5280426740646362
bidirectional,9500,-1.1152320802211761,-2.0029516220092773,-1.4426307678222656,-0.9559971690177917,-0.8580130338668823,-0.7883738875389099,-0.6434260010719299
bidirectional,9600,-1.1219358146190643,-2.2040414810180664,-1.4653931856155396,-1.013482689857483,-0.7830554842948914,-0.7400567531585693,-0.5255852937698364
bidirectional,9700,-0.9617764800786972,-2.0864717960357666,-1.236249566078186,-0.9416152238845825,-0.5918213129043579,-0.5025474429130554,-0.41195353865623474
bidirectional,9800,-1.066966970761617,-2.09958553314209,-1.249943733215332,-0.9785917401313782,-0.7577399015426636,-0.7817560434341431,-0.5341848731040955
bidirectional,9900,-1.0590623319149017,-1.9152575731277466,-1.3861521482467651,-0.961275041103363,-0.743999183177948,-0.8458084464073181,-0.5018815994262695
bidirectional,10000,-0.9684528857469559,-2.0935251712799072,-1.261629343032837,-0.9018114805221558,-0.5602662563323975,-0.5583896040916443,-0.4350954592227936
bidirectional,10100,-0.9587258001168569,-1.1182801723480225,-1.3985552787780762,-1.0729037523269653,-0.8470478653907776,-0.7757064700126648,-0.539861261844635
bidirectional,10200,-1.0967738628387451,-1.8971405029296875,-1.5229793787002563,-1.1009327173233032,-0.7448491454124451,-0.7234749794006348,-0.5912664532661438
bidirectional,10300,-1.0567148725191753,-2.2359237670898438,-1.482524037361145,-1.0180654525756836,-0.6418346762657166,-0.6019717454910278,-0.3599695563316345
bidirectional,10400,-1.1393707195917766,-2.1434922218322754,-1.4724220037460327,-1.0458768606185913,-0.7889119386672974,-0.8093797564506531,-0.5761415362358093
bidirectional,10500,-0.893562247355779,-0.9784271121025085,-1.1324212551116943,-1.061355710029602,-0.8075980544090271,-0.7704259753227234,-0.6111453771591187
bidirectional,10600,-1.0832612415154774,-1.9903740882873535,-1.2686091661453247,-1.0963410139083862,-0.6881816387176514,-0.8494006395339966,-0.6066609025001526
bidirectional,10700,-1.1832993626594543,-2.2698662281036377,-1.4229289293289185,-1.0549030303955078,-0.887008786201477,-0.8186860084533691,-0.6464031934738159
bidirectional,10800,-1.0242495735486348,-1.4748047590255737,-1.2645820379257202,-1.0785744190216064,-0.8505696654319763,-0.8431869149208069,-0.6337796449661255
bidirectional,10900,-1.188297986984253,-2.2282378673553467,-1.5097330808639526,-1.1272372007369995,-0.7995457649230957,-0.8545263409614563,-0.6105076670646667
bidirectional,11000,-1.1618756155172985,-2.196983575820923,-1.487237572669983,-1.129787564277649,-0.8228258490562439,-0.7104842662811279,-0.6239348649978638
bidirectional,11100,-1.1374667882919312,-2.2778139114379883,-1.2699048519134521,-1.025288462638855,-0.826141893863678,-0.8183208107948303,-0.6073307991027832
bidirectional,11200,-1.0669905145963032,-1.6478791236877441,-1.3379929065704346,-1.1043978929519653,-0.8588377833366394,-0.8601357340812683,-0.5926996469497681
bidirectional,11300,-1.1885738968849182,-2.1788296699523926,-1.5067728757858276,-1.1520241498947144,-0.8507341742515564,-0.8198156952857971,-0.6232668161392212
bidirectional,11400,-1.1770709156990051,-2.287177801132202,-1.4362976551055908,-1.0638923645019531,-0.8011370897293091,-0.8489653468132019,-0.6249552369117737
bidirectional,11500,-1.0946919123331706,-2.0224740505218506,-1.376855492591858,-1.1528313159942627,-0.7454302310943604,-0.8350442051887512,-0.4355161786079407
bidirectional,11600,-1.1386908690134685,-2.083308219909668,-1.4681353569030762,-1.0602713823318481,-0.8297263979911804,-0.8022734522819519,-0.5884304046630859
bidirectional,11700,-1.151347021261851,-2.0995655059814453,-1.5097910165786743,-1.1317569017410278,-0.8259329795837402,-0.7336254715919495,-0.6074102520942688
bidirectional,11800,-0.9622985422611237,-1.7972609996795654,-0.9940913319587708,-0.9726128578186035,-0.7271840572357178,-0.799483060836792,-0.4831589460372925
bidirectional,11900,-1.125089704990387,-2.2220137119293213,-1.3403624296188354,-0.956383466720581,-0.8253776431083679,-0.8498952388763428,-0.5565057396888733
bidirectional,12000,-1.0964728196461995,-2.1610214710235596,-1.3500046730041504,-0.9559968113899231,-0.8370819687843323,-0.7574176788330078,-0.5173143148422241
bidirectional,12100,-1.0489083329836528,-1.6104506254196167,-1.312462568283081,-1.0911601781845093,-0.8660221099853516,-0.8532177805900574,-0.5601367354393005
bidirectional,12200,-1.1321988205115001,-2.1141180992126465,-1.457559585571289,-1.006822943687439,-0.8546899557113647,-0.7627593874931335,-0.5972429513931274
bidirectional,12300,-1.163209428389867,-2.099721908569336,-1.5152591466903687,-1.1389384269714355,-0.8041776418685913,-0.8329253196716309,-0.5882341265678406
bidirectional,12400,-1.1927248736222584,-2.246333599090576,-1.481569528579712,-1.1271228790283203,-0.8188331127166748,-0.8886100053787231,-0.5938801169395447
bidirectional,12500,-1.1184416711330414,-2.1719987392425537,-1.3759390115737915,-1.0957581996917725,-0.7403992414474487,-0.7371092438697815,-0.5894455909729004
bidirectional,12600,-1.128300408522288,-1.8521380424499512,-1.4985294342041016,-1.195867657661438,-0.8194523453712463,-0.817136824131012,-0.586678147315979
bidirectional,12700,-1.134204924106598,-2.306335926055908,-1.3822829723358154,-1.0623234510421753,-0.7094401717185974,-0.8308439254760742,-0.5140030980110168
bidirectional,12800,-1.0445660054683685,-1.7320449352264404,-1.3242136240005493,-1.0647172927856445,-0.7574604153633118,-0.7821345925331116,-0.6068251729011536
bidirectional,12900,-1.0391932129859924,-1.792553186416626,-1.1757720708847046,-1.1363054513931274,-0.7745886445045471,-0.8025863766670227,-0.5533535480499268
bidirectional,13000,-1.1341358174880345,-2.1912333965301514,-1.425742268562317,-1.1496907472610474,-0.8178935050964355,-0.7522649168968201,-0.46799007058143616
bidirectional,13100,-1.1800053119659424,-2.203902006149292,-1.5532890558242798,-1.1756186485290527,-0.8139046430587769,-0.7940327525138855,-0.5392847657203674
bidirectional,13200,-1.104912022749583,-2.259783983230591,-1.1889302730560303,-1.0703898668289185,-0.7522439360618591,-0.780239999294281,-0.5778840780258179
bidirectional,13300,-1.170499970515569,-2.3289482593536377,-1.2733824253082275,-1.136605978012085,-0.8293150663375854,-0.8462458252906799,-0.6085022687911987
bidirectional,13400,-1.1237209836641948,-2.0743496417999268,-1.3938672542572021,-1.109671950340271,-0.842264711856842,-0.7584412693977356,-0.5637310743331909
bidirectional,13500,-1.1241419812043507,-2.1816494464874268,-1.3994368314743042,-0.9795987010002136,-0.827527642250061,-0.780446469783783,-0.5761927962303162
bidirectional,13600,-1.2191086113452911,-2.3416943550109863,-1.5325877666473389,-1.055580496788025,-0.8990713953971863,-0.8554022908210754,-0.630315363407135
bidirectional,13700,-1.1074272791544597,-2.1874985694885254,-1.342126488685608,-1.0197678804397583,-0.8284317255020142,-0.6552077531814575,-0.6115312576293945
bidirectional,13800,-1.2069512009620667,-2.206481456756592,-1.5529769659042358,-1.1513923406600952,-0.8257545232772827,-0.8991703987121582,-0.6059315204620361
bidirectional,13900,-0.9955305457115173,-1.2746284008026123,-1.4141467809677124,-1.0017038583755493,-0.7841225266456604,-0.8661882877349854,-0.6323934197425842
bidirectional,14000,-1.2128808200359344,-2.2482314109802246,-1.5608532428741455,-1.0862878561019897,-0.8111969828605652,-0.9037877917289734,-0.6669276356697083
bidirectional,14100,-1.1311918199062347,-1.8679442405700684,-1.4604718685150146,-1.1697773933410645,-0.8508414030075073,-0.8310742378234863,-0.6070417761802673
bidirectional,14200,-1.148037960131963,-2.1264986991882324,-1.498997688293457,-1.0491727590560913,-0.8093231320381165,-0.8333687782287598,-0.5708667039871216
bidirectional,14300,-1.1853174964586894,-2.275045156478882,-1.3873616456985474,-1.109642744064331,-0.9122167825698853,-0.8123345971107483,-0.6153040528297424
bidirectional,14400,-1.1548019746939342,-2.0927982330322266,-1.4053038358688354,-1.0791174173355103,-0.8407962322235107,-0.8741388916969299,-0.6366572380065918
bidirectional,14500,-1.2021382053693135,-2.3224167823791504,-1.46724271774292,-1.1601030826568604,-0.8369291424751282,-0.7788191437721252,-0.6473183631896973
bidirectional,14600,-1.1690149307250977,-1.9573463201522827,-1.5168297290802002,-1.1497471332550049,-0.9168184399604797,-0.8707619905471802,-0.6025859713554382
bidirectional,14700,-1.2307848731676738,-2.3404414653778076,-1.5641307830810547,-1.1299582719802856,-0.8730282187461853,-0.8703535795211792,-0.60679692029953
bidirectional,14800,-1.196427822113037,-2.31832218170166,-1.483151912689209,-1.0299201011657715,-0.7895451188087463,-0.9045425057411194,-0.6530851125717163
bidirectional,14900,-1.2055360277493794,-2.1672539710998535,-1.453993558883667,-1.1428877115249634,-0.88092041015625,-0.9075348377227783,-0.6806256771087646
bidirectional,15000,-1.082408179839452,-1.9737486839294434,-1.491605520248413,-0.9149233102798462,-0.6836445927619934,-0.8372114300727844,-0.5933155417442322
bidirectional,15100,-1.19651198387146,-2.2922685146331787,-1.4335930347442627,-1.1785460710525513,-0.7571659088134766,-0.8586287498474121,-0.6588696241378784
bidirectional,15200,-1.2037370204925537,-2.2609071731567383,-1.597763180732727,-1.1554564237594604,-0.7853571772575378,-0.8667013645172119,-0.5562368035316467
bidirectional,15300,-1.0758578876654308,-2.114300012588501,-1.205254077911377,-0.9620448350906372,-0.7952726483345032,-0.7886063456535339,-0.589669406414032
bidirectional,15400,-1.1283435821533203,-1.7083784341812134,-1.5535968542099,-1.145975947380066,-0.9061520099639893,-0.912434995174408,-0.5435232520103455
bidirectional,15500,-1.2373421291510265,-2.3092074394226074,-1.597441554069519,-1.202454686164856,-0.775984525680542,-0.8927609920501709,-0.6462035775184631
bidirectional,15600,-1.26047087709109,-2.3313331604003906,-1.5955547094345093,-1.18440580368042,-0.8788368105888367,-0.8998591303825378,-0.672835648059845
bidirectional,15700,-1.230323076248169,-2.258787155151367,-1.5112783908843994,-1.2044352293014526,-0.8847442269325256,-0.8683251738548279,-0.6543682813644409
bidirectional,15800,-1.1688999931017559,-1.9915082454681396,-1.6575603485107422,-1.108945608139038,-0.8356580138206482,-0.8158274292945862,-0.6039003133773804
bidirectional,15900,-1.2364252010981243,-2.2493507862091064,-1.6714580059051514,-1.1674262285232544,-0.8448060750961304,-0.8431647419929504,-0.6423453688621521
bidirectional,16000,-1.185936063528061,-2.129373788833618,-1.519997477531433,-1.1437922716140747,-0.8600203990936279,-0.8296379446983337,-0.6327944993972778
bidirectional,16100,-1.205398400624593,-2.162665605545044,-1.5211164951324463,-1.1721869707107544,-0.885758638381958,-0.820559561252594,-0.670103132724762
bidirectional,16200,-1.265079488356908,-2.4180521965026855,-1.5971688032150269,-1.1682394742965698,-0.873857319355011,-0.8801635503768921,-0.6529955863952637
bidirectional,16300,-1.2775253454844158,-2.4250643253326416,-1.62556791305542,-1.2012287378311157,-0.8993784189224243,-0.8812788128852844,-0.6326338648796082
bidirectional,16400,-1.192207505305608,-2.145217180252075,-1.5547373294830322,-1.1172889471054077,-0.8783609867095947,-0.8301196694374084,-0.6275209188461304
bidirectional,16500,-1.206156333287557,-2.3126142024993896,-1.6258037090301514,-1.0544288158416748,-0.8369771242141724,-0.7835362553596497,-0.623577892780304
bidirectional,16600,-1.230966826279958,-2.230984926223755,-1.5727792978286743,-1.1428576707839966,-0.8661952614784241,-0.8943507075309753,-0.6786330938339233
bidirectional,16700,-1.2099662323792775,-2.3504042625427246,-1.50286066532135,-1.1441234350204468,-0.8712341785430908,-0.8105132579803467,-0.5806615948677063
bidirectional,16800,-1.0888652006785076,-1.965444803237915,-1.2758057117462158,-1.0763235092163086,-0.7955963015556335,-0.8662950396537781,-0.5537258386611938
bidirectional,16900,-1.2567253609498341,-2.405745506286621,-1.5269855260849,-1.2248486280441284,-0.9136205911636353,-0.861822247505188,-0.6073296666145325
bidirectional,17000,-1.2563035984834034,-2.404029369354248,-1.6140578985214233,-1.173058271408081,-0.873658299446106,-0.8837276697158813,-0.5892900824546814
bidirectional,17100,-1.2812249859174092,-2.4442665576934814,-1.6502034664154053,-1.2037495374679565,-0.8767822980880737,-0.8604239821434021,-0.6519240736961365
bidirectional,17200,-1.2613339523474376,-2.445913553237915,-1.5854980945587158,-1.1248836517333984,-0.904684841632843,-0.8340767025947571,-0.6729468703269958
bidirectional,17300,-1.2101132571697235,-2.148616075515747,-1.5856695175170898,-1.215074062347412,-0.8785545229911804,-0.832451343536377,-0.6003140211105347
bidirectional,17400,-1.1437708934148152,-2.299874782562256,-1.4273520708084106,-1.0173864364624023,-0.8095011711120605,-0.7671160697937012,-0.541394829750061
bidirectional,17500,-1.26944699883461,-2.4407944679260254,-1.6044044494628906,-1.1999602317810059,-0.8759312629699707,-0.8689693212509155,-0.6266222596168518
bidirectional,17600,-1.252561777830124,-2.3030989170074463,-1.628685474395752,-1.1975069046020508,-0.8843181133270264,-0.8519109487533569,-0.6498503088951111
bidirectional,17700,-1.265075832605362,-2.282222270965576,-1.5607143640518188,-1.1844924688339233,-0.9116402268409729,-0.9774757623672485,-0.6739099025726318
bidirectional,17800,-1.284875174363454,-2.4793145656585693,-1.635319471359253,-1.1625876426696777,-0.9163639545440674,-0.8601352572441101,-0.6555301547050476
bidirectional,17900,-1.2362673878669739,-2.408766031265259,-1.5795472860336304,-1.1566648483276367,-0.8050321936607361,-0.8574434518814087,-0.6101505160331726
bidirectional,18000,-0.9586668312549591,-1.2811963558197021,-1.1732065677642822,-1.0232988595962524,-0.84346604347229,-0.843069851398468,-0.5877633094787598
bidirectional,18100,-1.1647244493166606,-2.091409921646118,-1.5547471046447754,-1.16121506690979,-0.865057110786438,-0.7808935046195984,-0.5350239872932434
bidirectional,18200,-1.1663814584414165,-2.317317485809326,-1.2092669010162354,-1.1447887420654297,-0.8616237044334412,-0.8707781434059143,-0.5945137739181519
bidirectional,18300,-1.2232790489991505,-2.1129672527313232,-1.4585307836532593,-1.2489566802978516,-0.9569445848464966,-0.8910380005836487,-0.6712369918823242
bidirectional,18400,-1.2626000940799713,-2.3901774883270264,-1.5569900274276733,-1.2164101600646973,-0.8786954283714294,-0.9067615866661072,-0.6265658736228943
bidirectional,18500,-1.2757749259471893,-2.3616220951080322,-1.6615761518478394,-1.1945134401321411,-0.8989624977111816,-0.8745181560516357,-0.6634572148323059
bidirectional,18600,-1.2256516714890797,-2.1944358348846436,-1.5285329818725586,-1.1997876167297363,-0.9227076172828674,-0.8659201860427856,-0.6425257921218872
bidirectional,18700,-1.1957403322060902,-2.3823130130767822,-1.56650710105896,-1.13979172706604,-0.7882535457611084,-0.7596291899681091,-0.537947416305542
bidirectional,18800,-1.2951814830303192,-2.448212146759033,-1.6770840883255005,-1.255679965019226,-0.8433600068092346,-0.9258387684822083,-0.6209139227867126
bidirectional,18900,-1.2783539990584056,-2.484182119369507,-1.5382615327835083,-1.2364033460617065,-0.8686473369598389,-0.9245869517326355,-0.6180427074432373
bidirectional,19000,-1.1859145561854045,-1.8866249322891235,-1.6152311563491821,-1.1977816820144653,-0.8891124129295349,-0.8569884896278381,-0.6697486639022827
bidirectional,19100,-1.24778546889623,-2.263969659805298,-1.5769563913345337,-1.1557049751281738,-0.8816397786140442,-0.9239903688430786,-0.6844516396522522
bidirectional,19200,-1.2884895503520966,-2.465118408203125,-1.587528944015503,-1.2124638557434082,-0.9159901738166809,-0.9355968236923218,-0.6142390966415405
bidirectional,19300,-1.2805127302805583,-2.368278980255127,-1.6422802209854126,-1.199237585067749,-0.880342960357666,-0.8970943689346313,-0.6958422660827637
bidirectional,19400,-1.2778973877429962,-2.4524738788604736,-1.556988000869751,-1.129512906074524,-0.948771595954895,-0.9354330897331238,-0.64420485496521
bidirectional,19500,-1.2717441419760387,-2.478647470474243,-1.5229125022888184,-1.2011919021606445,-0.9676834940910339,-0.8852607607841492,-0.5747687220573425
bidirectional,19600,-1.2752719322840373,-2.335221290588379,-1.6630425453186035,-1.1657683849334717,-0.9245383143424988,-0.8947898149490356,-0.6682712435722351
bidirectional,19700,-1.2028714219729106,-2.111664295196533,-1.529899001121521,-1.0986874103546143,-0.9108958840370178,-0.9001944661140442,-0.6658874750137329
bidirectional,19800,-1.262485961119334,-2.350811243057251,-1.59470796585083,-1.2103571891784668,-0.8721254467964172,-0.9346023797988892,-0.6123115420341492
bidirectional,19900,-1.3140614330768585,-2.474959373474121,-1.697662353515625,-1.2285082340240479,-0.9296056032180786,-0.8917685151100159,-0.6618645191192627
bidirectional,20000,-1.286289632320404,-2.3300294876098633,-1.6227091550827026,-1.26108717918396,-0.887686014175415,-0.9487126469612122,-0.6675133109092712
bidirectional,20100,-1.2599530915419261,-2.2840051651000977,-1.6905910968780518,-1.1664351224899292,-0.8867456316947937,-0.900518536567688,-0.6314229965209961
bidirectional,20200,-1.2768029471238453,-2.4721293449401855,-1.539190649986267,-1.2209302186965942,-0.8764758110046387,-0.9088031649589539,-0.6432884931564331
bidirectional,20300,-1.2781322002410889,-2.482703447341919,-1.5909364223480225,-1.2001705169677734,-0.9080640077590942,-0.8578125238418579,-0.6291062831878662
bidirectional,20400,-1.3050176203250885,-2.586747646331787,-1.659676194190979,-1.217039704322815,-0.8621459603309631,-0.8745248913764954,-0.6299713253974915
bidirectional,20500,-1.298026551802953,-2.419095516204834,-1.735567569732666,-1.2237449884414673,-0.9060811996459961,-0.8541960716247559,-0.6494739651679993
bidirectional,20600,-1.2959400117397308,-2.401289463043213,-1.6912873983383179,-1.1758230924606323,-0.9287223219871521,-0.9144154787063599,-0.66410231590271
bidirectional,20700,-1.2723619937896729,-2.404604911804199,-1.6789653301239014,-1.1894195079803467,-0.8937357068061829,-0.831017255783081,-0.6364292502403259
bidirectional,20800,-1.312941700220108,-2.4448435306549072,-1.7330549955368042,-1.193490982055664,-0.9288548231124878,-0.9218674898147583,-0.6555383801460266
bidirectional,20900,-1.318959931532542,-2.5535285472869873,-1.6438742876052856,-1.2212306261062622,-0.9221453666687012,-0.9138611555099487,-0.6591196060180664
bidirectional,21000,-1.3086516857147217,-2.5408549308776855,-1.6625967025756836,-1.2089132070541382,-0.9382506012916565,-0.9232844710350037,-0.5780102014541626
bidirectional,21100,-1.2843676110108693,-2.4871973991394043,-1.5169399976730347,-1.2284220457077026,-0.9184570908546448,-0.9193840622901917,-0.635805070400238
bidirectional,21200,-1.3295621772607167,-2.5574254989624023,-1.7427598237991333,-1.2248371839523315,-0.9212614893913269,-0.8935295939445496,-0.6375594735145569
bidirectional,21300,-1.2378847499688466,-2.1285312175750732,-1.6272777318954468,-1.1887404918670654,-0.9427959322929382,-0.9096723198890686,-0.6302908062934875
bidirectional,21400,-1.28238578637441,-2.4509191513061523,-1.606792688369751,-1.1319254636764526,-0.9611991047859192,-0.9235011339187622,-0.6199771761894226
bidirectional,21500,-1.2844660083452861,-2.4738752841949463,-1.5953372716903687,-1.1861988306045532,-0.9326287508010864,-0.8862863779067993,-0.6324695348739624
bidirectional,21600,-1.3192293047904968,-2.5181970596313477,-1.6239243745803833,-1.2307634353637695,-0.932043194770813,-0.9169759154319763,-0.6934718489646912
bidirectional,21700,-1.2928812106450398,-2.3079164028167725,-1.6908040046691895,-1.247166395187378,-0.8983680009841919,-0.9272758960723877,-0.6857565641403198
bidirectional,21800,-1.3308039506276448,-2.6238036155700684,-1.7024060487747192,-1.1948245763778687,-0.8550255298614502,-0.9178502559661865,-0.6909136772155762
bidirectional,21900,-1.3104971945285797,-2.5302441120147705,-1.624260425567627,-1.2397692203521729,-0.8825174570083618,-0.9490483403205872,-0.637143611907959
bidirectional,22000,-1.2844385504722595,-2.324998378753662,-1.679080843925476,-1.2531468868255615,-0.9364627599716187,-0.8571135997772217,-0.6558288335800171
bidirectional,22100,-1.3019672433535259,-2.465179920196533,-1.6232842206954956,-1.232790231704712,-0.9261406660079956,-0.927021861076355,-0.6373865604400635
bidirectional,22200,-1.3256258368492126,-2.5582706928253174,-1.6850847005844116,-1.2027497291564941,-0.9015648365020752,-0.9564084410667419,-0.6496766209602356
bidirectional,22300,-1.281964619954427,-2.438004970550537,-1.6667687892913818,-1.2131123542785645,-0.8576474785804749,-0.8976760506629944,-0.6185780763626099
bidirectional,22400,-1.292427271604538,-2.357710838317871,-1.7235972881317139,-1.2298662662506104,-0.8457319140434265,-0.9274799823760986,-0.6701773405075073
bidirectional,22500,-1.2794645130634308,-2.4367706775665283,-1.5629589557647705,-1.1960070133209229,-0.8897508382797241,-0.9332288503646851,-0.6580707430839539
bidirectional,22600,-1.3268964290618896,-2.4628748893737793,-1.685875654220581,-1.2251136302947998,-0.935816764831543,-0.9315363764762878,-0.7201612591743469
bidirectional,22700,-1.3185878495375316,-2.501293659210205,-1.6816833019256592,-1.23079252243042,-0.9521986246109009,-0.8721563816070557,-0.6734026074409485
bidirectional,22800,-1.3019104897975922,-2.3395326137542725,-1.6803706884384155,-1.2202351093292236,-0.946929931640625,-0.9162538051605225,-0.7081407904624939
bidirectional,22900,-1.3160409033298492,-2.4883859157562256,-1.7185657024383545,-1.2666575908660889,-0.8767192363739014,-0.8743677735328674,-0.6715492010116577
bidirectional,23000,-1.3377650479475658,-2.606832504272461,-1.6604492664337158,-1.2431261539459229,-0.9470091462135315,-0.8793202638626099,-0.6898529529571533
bidirectional,23100,-1.3309084177017212,-2.4943947792053223,-1.6905673742294312,-1.260206699371338,-0.9635423421859741,-0.9081262946128845,-0.6686130166053772
bidirectional,23200,-1.3226897915204365,-2.4966187477111816,-1.6327046155929565,-1.2339468002319336,-0.9263666272163391,-0.9574747085571289,-0.6890272498130798
bidirectional,23300,-1.314669410387675,-2.5171995162963867,-1.6395769119262695,-1.1938599348068237,-0.9390087127685547,-0.9193521738052368,-0.6790192127227783
bidirectional,23400,-1.3058236241340637,-2.482370615005493,-1.6037472486495972,-1.2607033252716064,-0.940044105052948,-0.8597135543823242,-0.6883628964424133
bidirectional,23500,-1.3059519827365875,-2.5173635482788086,-1.6224231719970703,-1.2072304487228394,-0.9591784477233887,-0.9161714315414429,-0.6133448481559753
bidirectional,23600,-1.3646550973256428,-2.685427665710449,-1.7037816047668457,-1.2435928583145142,-0.9524519443511963,-0.8837937712669373,-0.7188827395439148
bidirectional,23700,-1.3532895644505818,-2.634427309036255,-1.6771502494812012,-1.287947177886963,-0.9125322699546814,-0.9319331049919128,-0.675747275352478
bidirectional,23800,-1.3207662304242451,-2.575047492980957,-1.623297095298767,-1.235241413116455,-0.9020432233810425,-0.9033650755882263,-0.6856030821800232
bidirectional,23900,-1.336514264345169,-2.4655797481536865,-1.6895040273666382,-1.3330637216567993,-0.884739339351654,-0.9452939033508301,-0.7009048461914062
bidirectional,24000,-1.2913469274838765,-2.4097983837127686,-1.6258145570755005,-1.2491097450256348,-0.8749485611915588,-0.9350106120109558,-0.6533997058868408
bidirectional,24100,-1.3186598718166351,-2.5181384086608887,-1.6383806467056274,-1.255528211593628,-0.9579665660858154,-0.8790580630302429,-0.6628873348236084
bidirectional,24200,-1.3272945980230968,-2.4758265018463135,-1.6986348628997803,-1.2421127557754517,-0.9625692367553711,-0.8847348690032959,-0.6998893618583679
bidirectional,24300,-1.3617806136608124,-2.601451873779297,-1.6858434677124023,-1.2463558912277222,-0.9440544247627258,-0.9645376205444336,-0.7284404039382935
bidirectional,24400,-1.3072218994299571,-2.4954934120178223,-1.6129693984985352,-1.2697227001190186,-0.9603317379951477,-0.8392632603645325,-0.6655508875846863
bidirectional,24500,-1.342158575852712,-2.538512706756592,-1.7317659854888916,-1.2165018320083618,-0.9270712733268738,-0.9484808444976807,-0.6906188130378723
bidirectional,24600,-1.3737702469031017,-2.630964756011963,-1.7882617712020874,-1.2287601232528687,-0.9535418748855591,-0.9397836923599243,-0.7013092637062073
bidirectional,24700,-1.369214912255605,-2.7287869453430176,-1.7293117046356201,-1.2575503587722778,-0.9098267555236816,-0.9205881357192993,-0.6692255735397339
bidirectional,24800,-1.3190429310003917,-2.5391626358032227,-1.7083767652511597,-1.1528266668319702,-0.9559076428413391,-0.8695059418678284,-0.6884779334068298
bidirectional,24900,-1.3616956373055775,-2.620331048965454,-1.7338413000106812,-1.2131065130233765,-0.9671127200126648,-0.9287263751029968,-0.7070558667182922
bidirectional,25000,-1.3254376451174419,-2.578402042388916,-1.6459425687789917,-1.2591065168380737,-0.9207566976547241,-0.8838001489639282,-0.6646178960800171
bidirectional,25100,-1.3331465820471446,-2.6409852504730225,-1.6444971561431885,-1.2474294900894165,-0.9459847211837769,-0.8787915706634521,-0.641191303730011
bidirectional,25200,-1.3221362431844075,-2.563689708709717,-1.6324794292449951,-1.221786618232727,-0.9166472554206848,-0.9422177672386169,-0.6559966802597046
bidirectional,25300,-1.32154181599617,-2.6146843433380127,-1.6193392276763916,-1.176974892616272,-0.90498286485672,-0.9682096242904663,-0.6450599431991577
bidirectional,25400,-1.3710626165072124,-2.5690364837646484,-1.7514177560806274,-1.2973952293395996,-1.019785761833191,-0.9263161420822144,-0.6624243259429932
bidirectional,25500,-1.356375902891159,-2.629023790359497,-1.7352533340454102,-1.257891058921814,-0.9723802208900452,-0.8965514898300171,-0.6471555233001709
bidirectional,25600,-1.3486596445242565,-2.6881263256073,-1.6723793745040894,-1.2870571613311768,-0.9023715853691101,-0.8875660300254822,-0.6544573903083801
bidirectional,25700,-1.3526673118273418,-2.6166999340057373,-1.7457566261291504,-1.250636339187622,-0.9527746438980103,-0.895325243473053,-0.6548110842704773
bidirectional,25800,-1.3255816598733265,-2.4804108142852783,-1.6851284503936768,-1.2644661664962769,-0.9254410862922668,-0.9482210874557495,-0.6498223543167114
bidirectional,25900,-1.3475695252418518,-2.5738513469696045,-1.7280670404434204,-1.2411640882492065,-0.913857102394104,-0.9440281391143799,-0.6844494342803955
bidirectional,26000,-1.358352502187093,-2.5274665355682373,-1.769335150718689,-1.2805625200271606,-0.982223629951477,-0.9060521721839905,-0.6844750046730042
bidirectional,26100,-1.3643484612305958,-2.583669900894165,-1.682989478111267,-1.3490369319915771,-0.9798686504364014,-0.9292777180671692,-0.6612480878829956
bidirectional,26200,-1.378469278415044,-2.6643683910369873,-1.7441502809524536,-1.2744231224060059,-0.9748720526695251,-0.9587701559066772,-0.6542316675186157
bidirectional,26300,-1.3514517645041149,-2.6166322231292725,-1.7478516101837158,-1.2258139848709106,-0.9479938745498657,-0.9088392853736877,-0.6615796089172363
bidirectional,26400,-1.3689307868480682,-2.629660129547119,-1.7530906200408936,-1.2787469625473022,-0.8905200958251953,-0.9470980167388916,-0.7144688963890076
bidirectional,26500,-1.3333644568920135,-2.58919620513916,-1.6853947639465332,-1.2485628128051758,-0.9423284530639648,-0.8639078140258789,-0.6707966923713684
bidirectional,26600,-1.3709403077761333,-2.558647394180298,-1.7607375383377075,-1.2998721599578857,-1.0009896755218506,-0.9194512963294983,-0.6859437823295593
bidirectional,26700,-1.3389752606550853,-2.62192964553833,-1.7072144746780396,-1.200478196144104,-0.9046065807342529,-0.9306127429008484,-0.6690099239349365
bidirectional,26800,-1.3697818120320637,-2.6227681636810303,-1.7641890048980713,-1.2791049480438232,-0.9545922875404358,-0.9154411554336548,-0.6825953125953674
bidirectional,26900,-1.3515288134415944,-2.533463954925537,-1.7946951389312744,-1.272279977798462,-0.9441473484039307,-0.9197220802307129,-0.6448643803596497
bidirectional,27000,-1.3555167118708293,-2.554250478744507,-1.7502388954162598,-1.2681649923324585,-0.9482578635215759,-0.8989864587783813,-0.7132015824317932
bidirectional,27100,-1.3443075915177662,-2.5122811794281006,-1.7236524820327759,-1.2924038171768188,-0.9732558727264404,-0.9007774591445923,-0.6634747385978699
bidirectional,27200,-1.3445498446623485,-2.4794209003448486,-1.7943015098571777,-1.2230905294418335,-0.960303544998169,-0.9527893662452698,-0.657393217086792
bidirectional,27300,-1.3933273057142894,-2.7031702995300293,-1.7804415225982666,-1.2815642356872559,-0.9905365109443665,-0.9456869959831238,-0.6585642695426941
bidirectional,27400,-1.3526809513568878,-2.6067562103271484,-1.7215816974639893,-1.285286545753479,-0.9293447732925415,-0.9102109670639038,-0.6629055142402649
bidirectional,27500,-1.334054172039032,-2.5330076217651367,-1.6062175035476685,-1.292424201965332,-0.9483023881912231,-0.9430322051048279,-0.6813411116600037
bidirectional,27600,-1.3704033096631367,-2.6357388496398926,-1.777287244796753,-1.2976877689361572,-0.9201104640960693,-0.9631169438362122,-0.6284785866737366
bidirectional,27700,-1.3270199795564015,-2.5706427097320557,-1.6844291687011719,-1.221437692642212,-0.9167911410331726,-0.9040248394012451,-0.6647943258285522
bidirectional,27800,-1.3219509422779083,-2.437558650970459,-1.7220734357833862,-1.2268776893615723,-0.9714168906211853,-0.9137827754020691,-0.6599962115287781
bidirectional,27900,-1.3437145352363586,-2.4534783363342285,-1.7649672031402588,-1.27498197555542,-0.9781584143638611,-0.8798835277557373,-0.7108177542686462
bidirectional,28000,-1.3090581794579823,-2.3534305095672607,-1.6957409381866455,-1.2587157487869263,-0.9233259558677673,-0.9354838728904724,-0.687652051448822
bidirectional,28100,-1.3371135195096333,-2.538888692855835,-1.7457845211029053,-1.2503682374954224,-0.9291293621063232,-0.9304065704345703,-0.6281037330627441
bidirectional,28200,-1.3560738563537598,-2.5535244941711426,-1.7385905981063843,-1.2447612285614014,-0.9765753746032715,-0.9442489147186279,-0.678742527961731
bidirectional,28300,-1.33483225107193,-2.5680625438690186,-1.7129671573638916,-1.2559261322021484,-0.9289742708206177,-0.8899054527282715,-0.6531579494476318
bidirectional,28400,-1.3425888121128082,-2.6305224895477295,-1.7009825706481934,-1.2120450735092163,-0.9752910733222961,-0.8738861083984375,-0.6628055572509766
bidirectional,28500,-1.328810801108678,-2.4188942909240723,-1.7200722694396973,-1.202663779258728,-0.9985454082489014,-0.9412180185317993,-0.6914710402488708
bidirectional,28600,-1.329628586769104,-2.445570945739746,-1.800466775894165,-1.2500512599945068,-0.9598568081855774,-0.8856936097145081,-0.6361321210861206
bidirectional,28700,-1.3474790155887604,-2.6680917739868164,-1.6616432666778564,-1.262108564376831,-0.924700915813446,-0.9476784467697144,-0.620651125907898
bidirectional,28800,-1.3562932809193928,-2.728851795196533,-1.729018211364746,-1.2148079872131348,-0.8980135917663574,-0.9019930958747864,-0.6650750041007996
bidirectional,28900,-1.347604940334956,-2.569422721862793,-1.750780463218689,-1.2859970331192017,-0.9240502119064331,-0.9205743074417114,-0.634804904460907
bidirectional,29000,-1.3224209547042847,-2.4577696323394775,-1.6247998476028442,-1.2642886638641357,-0.9336532354354858,-0.9607663154602051,-0.6932480335235596
bidirectional,29100,-1.3621778587500255,-2.6503052711486816,-1.7248518466949463,-1.2401237487792969,-0.9306486248970032,-0.9420663714408875,-0.6850712895393372
bidirectional,29200,-1.3640441099802654,-2.638610363006592,-1.777236819267273,-1.2739113569259644,-0.9572871923446655,-0.9476456046104431,-0.589573323726654
bidirectional,29300,-1.3621768355369568,-2.5714316368103027,-1.8044837713241577,-1.236655592918396,-0.9304158687591553,-0.9032793641090393,-0.7267947793006897
bidirectional,29400,-1.3008101681868236,-2.5486395359039307,-1.6301339864730835,-1.2237682342529297,-0.9276738166809082,-0.857498049736023,-0.6171473860740662
bidirectional,29500,-1.3754133979479473,-2.668161153793335,-1.7398123741149902,-1.266855239868164,-0.9326136708259583,-0.9583975076675415,-0.6866404414176941
bidirectional,29600,-1.3402063051859539,-2.5842435359954834,-1.698033332824707,-1.241361379623413,-0.9201349020004272,-0.887452244758606,-0.7100124359130859
bidirectional,29700,-1.372165322303772,-2.7005937099456787,-1.7127412557601929,-1.2924796342849731,-0.9717519283294678,-0.8897544145584106,-0.6656709909439087
bidirectional,29800,-1.3720029791196187,-2.6919808387756348,-1.7259882688522339,-1.259820818901062,-0.9277995228767395,-0.9512242674827576,-0.6752041578292847
bidirectional,29900,-1.3254505296548207,-2.4691803455352783,-1.6846460103988647,-1.2758162021636963,-0.9506053924560547,-0.8957995176315308,-0.6766557097434998
bidirectional,29999,-1.3753596544265747,-2.744266986846924,-1.7103636264801025,-1.1911031007766724,-0.9613606333732605,-0.9569512605667114,-0.6881123185157776
causal,200,0.12856975321968397,0.10579365491867065,0.13312716782093048,0.0935966745018959,0.14524683356285095,0.1865236908197403,0.1071304976940155
causal,400,-0.2883506342768669,-0.4733542799949646,-0.3690986633300781,-0.22843033075332642,-0.1743069291114807,-0.25529539585113525,-0.22961820662021637
causal,600,-0.5904948910077413,-0.9544103145599365,-0.6025301814079285,-0.5165919661521912,-0.5707186460494995,-0.4811333119869232,-0.41758492588996887
causal,800,-0.750308096408844,-1.2728419303894043,-0.888834536075592,-0.5801712274551392,-0.6580912470817566,-0.5755727887153625,-0.5263368487358093
causal,1000,-0.8017664750417074,-1.2257933616638184,-0.9528387784957886,-0.7765516638755798,-0.6196529269218445,-0.6048049330711365,-0.6309571862220764
causal,1200,-0.8517014980316162,-1.5368753671646118,-1.0888813734054565,-0.7231163382530212,-0.6624863743782043,-0.5430777668952942,-0.5557717680931091
causal,1400,-0.6075239380200704,-1.1070679426193237,-0.8560869693756104,-0.5914735198020935,-0.4172140657901764,-0.26669785380363464,-0.40660327672958374
causal,1600,-0.7982943753401438,-1.6444246768951416,-1.0736624002456665,-0.5250374674797058,-0.6112812757492065,-0.47431644797325134,-0.46104398369789124
causal,1800,-0.8340104520320892,-1.416068196296692,-0.9826735854148865,-0.6509172916412354,-0.7789636850357056,-0.6238807439804077,-0.5515592098236084
causal,2000,-0.8554815053939819,-1.464835524559021,-1.1904361248016357,-0.6627785563468933,-0.6312273144721985,-0.6141785979270935,-0.5694329142570496
causal,2200,-0.7994938095410665,-1.8381602764129639,-0.9774430990219116,-0.5006808042526245,-0.5067541003227234,-0.4725884795188904,-0.5013360977172852
causal,2400,-0.6555764079093933,-0.8703425526618958,-0.7358874678611755,-0.5544061660766602,-0.6475067734718323,-0.5728321671485901,-0.552483320236206
causal,2600,-0.9012898802757263,-1.6488415002822876,-1.1098381280899048,-0.739518940448761,-0.7008812427520752,-0.5870548486709595,-0.6216046214103699
causal,2800,-0.6963476290305456,-1.3936519622802734,-0.788737952709198,-0.45650142431259155,-0.5554591417312622,-0.40641310811042786,-0.5773221850395203
causal,3000,-0.9653488397598267,-1.8830593824386597,-1.2671014070510864,-0.6941226720809937,-0.6864659190177917,-0.5877242684364319,-0.6736193895339966
causal,3200,-0.8000555237134298,-1.5707955360412598,-0.9285622239112854,-0.603337824344635,-0.5942356586456299,-0.5206289291381836,-0.582772970199585
causal,3400,-0.8824017147223154,-1.876481294631958,-1.2660871744155884,-0.5586957335472107,-0.5408106446266174,-0.599195122718811,-0.4531403183937073
causal,3600,-0.8757970134417216,-1.9887566566467285,-1.2665845155715942,-0.5118443965911865,-0.524318516254425,-0.47995272278785706,-0.4833252727985382
causal,3800,-0.8534805774688721,-1.5615684986114502,-1.1008905172348022,-0.7099543809890747,-0.6257864236831665,-0.5745574235916138,-0.548126220703125
causal,4000,-0.9825978179772695,-1.9498404264450073,-1.1905477046966553,-0.7563945055007935,-0.7781010866165161,-0.5657042264938354,-0.6549989581108093
causal,4200,-0.8784136921167374,-2.04384446144104,-1.2203142642974854,-0.5358798503875732,-0.5193517208099365,-0.3922555148601532,-0.5588363409042358
causal,4400,-0.9247645139694214,-1.8896504640579224,-1.0571250915527344,-0.7189350724220276,-0.7090988159179688,-0.631646990776062,-0.5421306490898132
causal,4600,-0.8230803658564886,-1.8180066347122192,-0.8190175890922546,-0.48755374550819397,-0.6576587557792664,-0.590241551399231,-0.5660039186477661
causal,4800,-0.6478867878516515,-1.101226568222046,-0.9490480422973633,-0.6568705439567566,-0.5859593152999878,-0.25923407077789307,-0.3349821865558624
causal,5000,-0.9345599512259165,-1.8902771472930908,-1.1492984294891357,-0.7085749506950378,-0.6788903474807739,-0.6002522706985474,-0.5800665616989136
causal,5200,-1.015169491370519,-2.070970058441162,-1.3791042566299438,-0.6936696767807007,-0.6699389219284058,-0.6859703660011292,-0.5913636684417725
causal,5400,-0.8575743834177653,-1.3255302906036377,-1.0920820236206055,-0.5909954905509949,-0.7505956888198853,-0.7071292400360107,-0.6791135668754578
causal,5600,-1.0095485150814056,-2.0492398738861084,-1.1656758785247803,-0.812358021736145,-0.7218180894851685,-0.6621631979942322,-0.6460360288619995
causal,5800,-0.9551627337932587,-1.4241353273391724,-1.1967767477035522,-0.9127821922302246,-0.7884441614151001,-0.7033320665359497,-0.705505907535553
causal,6000,-1.09365447362264,-2.0981385707855225,-1.3793416023254395,-0.8210259079933167,-0.8605626821517944,-0.6910133361816406,-0.7118447422981262
causal,6200,-0.8134847581386566,-1.6504709720611572,-0.8192586898803711,-0.6787288188934326,-0.6316074728965759,-0.5454955101013184,-0.5553470849990845
causal,6400,-0.9758340219656626,-2.061605453491211,-1.1443712711334229,-0.6168606281280518,-0.716025173664093,-0.6830368041992188,-0.6331048011779785
causal,6600,-1.0192084908485413,-2.1369123458862305,-1.140336275100708,-0.7594268918037415,-0.7724260687828064,-0.6362161040306091,-0.6699332594871521
causal,6800,-0.9263035356998444,-1.4461638927459717,-1.0967806577682495,-0.7473801374435425,-0.8027274012565613,-0.7331379652023315,-0.7316311597824097
causal,7000,-0.9997968872388204,-1.9752835035324097,-1.2384464740753174,-0.7980107069015503,-0.7014240026473999,-0.6568058133125305,-0.6288108229637146
causal,7200,-1.05367515484492,-2.2397539615631104,-1.182357907295227,-0.7639098167419434,-0.8155882358551025,-0.6486002802848816,-0.6718407273292542
causal,7400,-0.9707592030366262,-1.8986207246780396,-1.2534222602844238,-0.6524410843849182,-0.789482593536377,-0.6454468369483948,-0.5851417183876038
causal,7600,-1.0548497438430786,-2.157705068588257,-1.3027498722076416,-0.7762071490287781,-0.7826828956604004,-0.6336128115653992,-0.6761406660079956
causal,7800,-1.0520017842451732,-2.2987542152404785,-1.2976000308990479,-0.7572860717773438,-0.8319584727287292,-0.5791946053504944,-0.5472173094749451
causal,8000,-0.9896627565224966,-2.076348304748535,-1.1781408786773682,-0.7133382558822632,-0.6596066355705261,-0.6942326426506042,-0.6163098216056824
causal,8200,-1.0336728890736897,-2.238001585006714,-1.222068428993225,-0.8349481821060181,-0.6499536633491516,-0.6251559257507324,-0.6319095492362976
causal,8400,-0.9215966761112213,-1.808066487312317,-1.0317280292510986,-0.6930695176124573,-0.7838900685310364,-0.5682551264762878,-0.6445708274841309
causal,8600,-1.1187373399734497,-2.2379631996154785,-1.3634607791900635,-0.8726570010185242,-0.8106175065040588,-0.7313512563705444,-0.6963742971420288
causal,8800,-0.9902130365371704,-1.9229657649993896,-1.2518447637557983,-0.7894182801246643,-0.7744535803794861,-0.6771973967552185,-0.5253984332084656
causal,9000,-1.1220834453900654,-2.3123064041137695,-1.3344334363937378,-0.8869702219963074,-0.7923372983932495,-0.7758214473724365,-0.6306318640708923
causal,9200,-1.1372365752855937,-2.183722496032715,-1.4675147533416748,-0.8780276775360107,-0.8612967133522034,-0.7199130058288574,-0.7129448056221008
causal,9400,-1.0786501169204712,-2.085629463195801,-1.4442425966262817,-0.7440181970596313,-0.7624971270561218,-0.7493918538093567,-0.6861214637756348
causal,9600,-1.083489567041397,-2.2380425930023193,-1.3001948595046997,-0.830649733543396,-0.7995908260345459,-0.6133575439453125,-0.7191018462181091
causal,9800,-1.0760565201441448,-2.1581804752349854,-1.311164140701294,-0.9144619703292847,-0.7320354580879211,-0.7133833169937134,-0.6271137595176697
causal,10000,-1.1097752153873444,-2.315089464187622,-1.3362125158309937,-0.8118189573287964,-0.8108133673667908,-0.7130817174911499,-0.6716352701187134
causal,10200,-1.084593842426936,-2.161975622177124,-1.3926163911819458,-0.7983062267303467,-0.8126614689826965,-0.6439180374145508,-0.6980853080749512
causal,10400,-1.0832963486512501,-2.153319835662842,-1.3830915689468384,-0.7924792766571045,-0.7913743257522583,-0.7086356282234192,-0.6708774566650391
causal,10600,-1.0456740657488506,-1.9742896556854248,-1.2613584995269775,-0.8412414789199829,-0.7745172381401062,-0.7068172693252563,-0.7158202528953552
causal,10800,-1.0873852570851643,-2.2472143173217773,-1.179591417312622,-0.8894051909446716,-0.7900039553642273,-0.6996841430664062,-0.7184125185012817
causal,11000,-1.0866656601428986,-2.0232529640197754,-1.3676892518997192,-0.8477036356925964,-0.828414797782898,-0.7286666631698608,-0.7242666482925415
causal,11200,-1.0375792980194092,-2.1213462352752686,-1.0701524019241333,-0.8304848074913025,-0.8259103894233704,-0.6748902797698975,-0.7026916742324829
causal,11400,-1.1265933911005657,-2.1565091609954834,-1.4639153480529785,-0.858269453048706,-0.8777819275856018,-0.7185178399085999,-0.6845666170120239
causal,11600,-1.1258263687292736,-2.3552305698394775,-1.2746800184249878,-0.9174819588661194,-0.8428863286972046,-0.6630735397338867,-0.7016057968139648
causal,11800,-1.029011180003484,-1.894993782043457,-1.3238263130187988,-0.8659342527389526,-0.7941210269927979,-0.6073066592216492,-0.687885046005249
causal,12000,-1.143744707107544,-2.280085325241089,-1.4079527854919434,-0.8957713842391968,-0.8379437923431396,-0.7226836085319519,-0.7180313467979431
causal,12200,-1.0976819495360057,-2.206721782684326,-1.3286001682281494,-0.9544604420661926,-0.7411640882492065,-0.660955011844635,-0.6941902041435242
causal,12400,-1.1329291959603627,-2.2927348613739014,-1.4122321605682373,-0.8638930320739746,-0.8534797430038452,-0.7195022106170654,-0.6557331681251526
causal,12600,-1.1175950566927593,-2.3643479347229004,-1.4212568998336792,-0.8815187215805054,-0.7994640469551086,-0.5949943661689758,-0.6439883708953857
causal,12800,-1.1673662463823955,-2.2766666412353516,-1.4916077852249146,-0.95956951379776,-0.8563315868377686,-0.7314814925193787,-0.6885404586791992
causal,13000,-1.1297503809134166,-2.3864049911499023,-1.3098127841949463,-0.8522108793258667,-0.8108232021331787,-0.7533898949623108,-0.6658605337142944
causal,13200,-1.1548189719518025,-2.4285895824432373,-1.37034273147583,-0.8416622877120972,-0.8319230079650879,-0.7246430516242981,-0.7317531704902649
causal,13400,-1.0985644161701202,-2.3000590801239014,-1.3345978260040283,-0.8219085931777954,-0.806905210018158,-0.6376710534095764,-0.690244734287262
causal,13600,-1.1427415907382965,-2.3410685062408447,-1.397059440612793,-0.9046016931533813,-0.814373254776001,-0.6904381513595581,-0.7089084982872009
causal,13800,-1.1347872416178386,-2.311616897583008,-1.4049118757247925,-0.8871507048606873,-0.8138073086738586,-0.7056373953819275,-0.6855992674827576
causal,14000,-1.1659179627895355,-2.4529027938842773,-1.370841383934021,-0.8994780778884888,-0.8415332436561584,-0.7229264378547668,-0.7078258395195007
causal,14200,-1.119098295768102,-2.217073678970337,-1.3335732221603394,-0.8986790776252747,-0.8161843419075012,-0.7631734013557434,-0.6859060525894165
causal,14400,-1.1261181930700939,-2.2646148204803467,-1.3608591556549072,-0.9084680676460266,-0.8234894871711731,-0.6736579537391663,-0.7256196737289429
causal,14600,-1.066894402106603,-1.9642603397369385,-1.3552478551864624,-0.8334107398986816,-0.8060692548751831,-0.7286210060119629,-0.7137572169303894
causal,14800,-1.0838177104791005,-2.1161797046661377,-1.3066140413284302,-0.8438997268676758,-0.8472462892532349,-0.6992500424385071,-0.6897164583206177
causal,15000,-1.1886061429977417,-2.363262891769409,-1.4751999378204346,-0.9270297288894653,-0.9350208640098572,-0.7296552658081055,-0.7014681696891785
causal,15200,-1.19786936044693,-2.4399170875549316,-1.4895087480545044,-0.9370776414871216,-0.8360878229141235,-0.7079254984855652,-0.7766993641853333
causal,15400,-0.9400972624619802,-1.7281148433685303,-0.9420873522758484,-0.7540018558502197,-0.7803917527198792,-0.7349262237548828,-0.7010615468025208
causal,15600,-1.121951033671697,-2.371061086654663,-1.3103872537612915,-0.8044741153717041,-0.794585108757019,-0.7454325556755066,-0.7057660818099976
causal,15800,-1.1504038472970326,-2.3342652320861816,-1.4061098098754883,-0.8246864676475525,-0.8467538952827454,-0.7596063613891602,-0.7310013175010681
causal,16000,-0.9004338880379995,-1.732316017150879,-0.7992796301841736,-0.698336124420166,-0.7295874357223511,-0.751469612121582,-0.6916145086288452
causal,16200,-1.1328765451908112,-2.250988483428955,-1.3704620599746704,-0.8895324468612671,-0.8501148223876953,-0.7328035831451416,-0.7033578753471375
causal,16400,-1.0643816590309143,-2.1200098991394043,-1.2611724138259888,-0.847818911075592,-0.7803402543067932,-0.708403468132019,-0.6685450077056885
causal,16600,-1.1468107402324677,-2.3226072788238525,-1.4649804830551147,-0.8239663243293762,-0.8427574038505554,-0.7272036671638489,-0.6993492841720581
causal,16800,-1.174062172571818,-2.2233989238739014,-1.4782652854919434,-0.9259811043739319,-0.9309766888618469,-0.7401931285858154,-0.7455579042434692
causal,17000,-0.9912558595339457,-1.8488270044326782,-1.079617977142334,-0.8430612683296204,-0.7793123126029968,-0.6712302565574646,-0.7254863381385803
causal,17200,-1.0905841986338298,-2.253058910369873,-1.2478560209274292,-0.8189816474914551,-0.790834903717041,-0.6851239204406738,-0.7476497888565063
causal,17400,-1.1857800384362538,-2.356326103210449,-1.5056322813034058,-0.9289613366127014,-0.8184177279472351,-0.7327163815498352,-0.7726263999938965
causal,17600,-1.1526081164677937,-2.3827176094055176,-1.3941881656646729,-0.9199910759925842,-0.8386315107345581,-0.6884769797325134,-0.6916433572769165
causal,17800,-1.1875569522380829,-2.445220470428467,-1.4274312257766724,-0.8623307347297668,-0.8761228919029236,-0.7349268794059753,-0.7793095111846924
causal,18000,-1.1473052501678467,-2.251173973083496,-1.4638465642929077,-0.8668906092643738,-0.9168980121612549,-0.7001664042472839,-0.6848559379577637
causal,18200,-1.0913733343283336,-2.2575597763061523,-1.2772330045700073,-0.8335679173469543,-0.7958513498306274,-0.6800631284713745,-0.7039648294448853
causal,18400,-1.1839999457200368,-2.37056303024292,-1.419565200805664,-0.9251970648765564,-0.9129780530929565,-0.6949484944343567,-0.7807478308677673
causal,18600,-1.0758634805679321,-1.982270359992981,-1.3252676725387573,-0.9449596405029297,-0.8333727121353149,-0.700319766998291,-0.6689907312393188
causal,18800,-1.1534479161103566,-2.400116443634033,-1.4312225580215454,-0.8772616982460022,-0.8529504537582397,-0.7144491672515869,-0.6446871757507324
causal,19000,-1.0386067032814026,-2.0455074310302734,-1.1441582441329956,-0.8464931845664978,-0.7906831502914429,-0.701573371887207,-0.7032248377799988
causal,19200,-1.1706091463565826,-2.35259747505188,-1.44324791431427,-0.8862875699996948,-0.8880276083946228,-0.7284610867500305,-0.7250332236289978
causal,19400,-1.1963338951269786,-2.499401092529297,-1.3874715566635132,-0.9312396049499512,-0.9120205640792847,-0.7282503843307495,-0.7196201682090759
causal,19600,-0.8644252419471741,-1.809590458869934,-0.9339473247528076,-0.6040049195289612,-0.6186533570289612,-0.6182523369789124,-0.602103054523468
causal,19800,-1.0890872577826183,-2.1288976669311523,-1.3310986757278442,-0.832112193107605,-0.7811738848686218,-0.7488136291503906,-0.7124274969100952
causal,20000,-1.126602937777837,-2.372014045715332,-1.3670833110809326,-0.8685271143913269,-0.8154497742652893,-0.6666059494018555,-0.6699374318122864
causal,20200,-1.1872794032096863,-2.4564926624298096,-1.4550158977508545,-0.9318325519561768,-0.8955869674682617,-0.7042760252952576,-0.6804723143577576
causal,20400,-0.9577842752138773,-1.503099799156189,-1.2141860723495483,-0.8590397238731384,-0.8209238648414612,-0.6804375052452087,-0.6690186858177185
causal,20600,-1.2048848768075306,-2.4515750408172607,-1.493741512298584,-0.9447765946388245,-0.905205488204956,-0.7238395810127258,-0.7101710438728333
causal,20800,-1.1241187353928883,-2.169689178466797,-1.3483338356018066,-0.9423427581787109,-0.827481746673584,-0.7188529968261719,-0.73801189661026
causal,21000,-1.0374086995919545,-2.2637667655944824,-1.0052138566970825,-0.7260876893997192,-0.7812483310699463,-0.6937769055366516,-0.7543586492538452
causal,21200,-1.1394832332928975,-2.3996613025665283,-1.3341315984725952,-0.8441020250320435,-0.8441576361656189,-0.726718008518219,-0.6881288290023804
causal,21400,-1.1296236912409465,-2.338860273361206,-1.4806437492370605,-0.8724727034568787,-0.7748037576675415,-0.6137152910232544,-0.6972463726997375
causal,21600,-1.1731772323449452,-2.376317024230957,-1.422027587890625,-0.8454052209854126,-0.8760994076728821,-0.7381051182746887,-0.7811090350151062
causal,21800,-1.1723361214001973,-2.5394392013549805,-1.4330891370773315,-0.8762048482894897,-0.8445995450019836,-0.6557973623275757,-0.684886634349823
causal,22000,-1.0942746897538502,-2.225168466567993,-1.2281677722930908,-0.9140409827232361,-0.7902529835700989,-0.7226406931877136,-0.6853772401809692
causal,22200,-1.220668355623881,-2.4422414302825928,-1.4915612936019897,-0.9436367154121399,-0.8755852580070496,-0.8103830814361572,-0.7606023550033569
causal,22400,-1.1822047332922618,-2.395472288131714,-1.5106441974639893,-0.9071943759918213,-0.8321456909179688,-0.7370901703834534,-0.710681676864624
causal,22600,-1.1844919323921204,-2.4695327281951904,-1.4632823467254639,-0.8601012229919434,-0.8355478644371033,-0.7689807415008545,-0.7095066905021667
causal,22800,-1.1903330783049266,-2.395469903945923,-1.3979706764221191,-0.9396603107452393,-0.9002389311790466,-0.776017963886261,-0.7326406836509705
causal,23000,-1.1401162842909496,-2.1696882247924805,-1.4315717220306396,-0.8905639052391052,-0.8694877028465271,-0.7196164727210999,-0.7597696781158447
causal,23200,-1.2044702470302582,-2.3846402168273926,-1.5035020112991333,-1.0019606351852417,-0.8765296936035156,-0.7338553667068481,-0.7263335585594177
causal,23400,-1.2007968525091808,-2.375434160232544,-1.4477543830871582,-0.9753575921058655,-0.8786958456039429,-0.7668468952178955,-0.7606922388076782
causal,23600,-1.0606791873772938,-2.033125400543213,-1.3583890199661255,-0.8200211524963379,-0.6975877285003662,-0.7061474919319153,-0.7488043308258057
causal,23800,-1.0487326383590698,-2.1401760578155518,-1.3037837743759155,-0.8589135408401489,-0.7743903994560242,-0.541181206703186,-0.6739508509635925
causal,24000,-1.0469824771086376,-1.9230424165725708,-1.288295030593872,-0.8577254414558411,-0.8414261937141418,-0.6651731133460999,-0.7062326669692993
causal,24200,-1.0740197896957397,-2.0980849266052246,-1.3538044691085815,-0.8906521201133728,-0.7731903195381165,-0.7031776309013367,-0.6252092719078064
causal,24400,-1.2093326052029927,-2.515781879425049,-1.4800256490707397,-0.8968712091445923,-0.860873818397522,-0.7985211610794067,-0.703921914100647
causal,24600,-1.2013618449370067,-2.4337990283966064,-1.4478809833526611,-0.9284883141517639,-0.8889047503471375,-0.7395172715187073,-0.7695807218551636
causal,24800,-1.1637845039367676,-2.4566149711608887,-1.4027903079986572,-0.8366155624389648,-0.8077112436294556,-0.75242680311203,-0.7265481352806091
causal,25000,-1.1642626424630482,-2.4536232948303223,-1.3163267374038696,-0.919765293598175,-0.8129966259002686,-0.7726598381996155,-0.7102040648460388
causal,25200,-1.1112767159938812,-2.239132881164551,-1.3608591556549072,-0.834564745426178,-0.8483210802078247,-0.6999013423919678,-0.6848810911178589
causal,25400,-1.113341708978017,-2.2876603603363037,-1.1839503049850464,-0.9209485054016113,-0.8875436186790466,-0.6490107774734497,-0.7509366869926453
causal,25600,-1.1983889838059743,-2.468125343322754,-1.4889768362045288,-0.896812915802002,-0.8788468241691589,-0.7375136017799377,-0.7200583815574646
causal,25800,-1.1533329089482625,-2.3327908515930176,-1.4074859619140625,-0.9301687479019165,-0.8167321681976318,-0.727594256401062,-0.7052254676818848
causal,26000,-1.2212683459122975,-2.3973121643066406,-1.532090187072754,-0.9586763381958008,-0.924376368522644,-0.7452666163444519,-0.7698884010314941
causal,26200,-1.160813609759013,-2.374281406402588,-1.3304884433746338,-0.8936148285865784,-0.9022241830825806,-0.7170975804328918,-0.7471752166748047
causal,26400,-1.2598225772380829,-2.588855743408203,-1.5581110715866089,-1.000292420387268,-0.9263461828231812,-0.7324763536453247,-0.7528536915779114
causal,26600,-1.195020854473114,-2.4838216304779053,-1.3679946660995483,-0.9197028279304504,-0.8990961909294128,-0.7496722340583801,-0.7498375773429871
causal,26800,-1.2199931939442952,-2.586549997329712,-1.4764482975006104,-0.9037690758705139,-0.8566766977310181,-0.7510678172111511,-0.7454472780227661
causal,27000,-1.2120007574558258,-2.477376699447632,-1.5626989603042603,-0.8981910347938538,-0.851836085319519,-0.7370487451553345,-0.7448530197143555
causal,27200,-1.1420753101507823,-2.3022208213806152,-1.4171850681304932,-0.8540884852409363,-0.8354191780090332,-0.7504080533981323,-0.6931302547454834
causal,27400,-1.1589968303839366,-2.275263786315918,-1.4222540855407715,-0.9001544713973999,-0.8802796006202698,-0.744110643863678,-0.7319183945655823
causal,27600,-1.2250797748565674,-2.5022823810577393,-1.4657864570617676,-0.9437331557273865,-0.9516859650611877,-0.7914851903915405,-0.6955054998397827
causal,27800,-1.2327334980169933,-2.564934730529785,-1.5001829862594604,-0.9501104950904846,-0.9203950762748718,-0.7388206124305725,-0.7219570875167847
causal,28000,-1.23731263478597,-2.5977137088775635,-1.4473570585250854,-0.9660413861274719,-0.9011375904083252,-0.7651471495628357,-0.7464789152145386
causal,28200,-1.2106106380621593,-2.5027668476104736,-1.4427498579025269,-0.8692650198936462,-0.9403851628303528,-0.7585082650184631,-0.7499886751174927
causal,28400,-1.2451193630695343,-2.504485845565796,-1.5340137481689453,-1.002724051475525,-0.9306641221046448,-0.7587687373161316,-0.7400596737861633
causal,28600,-1.228495568037033,-2.5157060623168945,-1.4326057434082031,-0.9466418623924255,-0.9457080364227295,-0.7861009836196899,-0.7442107200622559
causal,28800,-1.180046906073888,-2.4116451740264893,-1.3907612562179565,-0.9640252590179443,-0.8351245522499084,-0.7773236036300659,-0.7014015913009644
causal,29000,-1.1997126241525014,-2.44146728515625,-1.4658007621765137,-0.903446614742279,-0.9790398478507996,-0.7124128937721252,-0.696108341217041
causal,29200,-1.2155295809110005,-2.465299367904663,-1.5044196844100952,-0.914570689201355,-0.9025077223777771,-0.7727423906326294,-0.7336376309394836
causal,29400,-1.25404754281044,-2.605039596557617,-1.5374236106872559,-0.9341509342193604,-0.9090559482574463,-0.7810018062591553,-0.7576133608818054
causal,29600,-1.0751927296320598,-2.0216825008392334,-1.2726503610610962,-0.8414231538772583,-0.8436805009841919,-0.7415844798088074,-0.7301353812217712
causal,29800,-1.2018570800622304,-2.5091445446014404,-1.4198696613311768,-0.9050155282020569,-0.8634952306747437,-0.7435920834541321,-0.7700254321098328
causal,30000,-1.2203502456347148,-2.3868942260742188,-1.523594856262207,-0.9792997241020203,-0.9094954133033752,-0.7862497568130493,-0.736567497253418
causal,30200,-1.2453462878863018,-2.6584341526031494,-1.3896129131317139,-0.9705451130867004,-0.9323708415031433,-0.7411679625511169,-0.7799467444419861
causal,30400,-1.0845275322596233,-2.2297861576080322,-1.2525267601013184,-0.854250431060791,-0.8746554255485535,-0.5969874262809753,-0.6989589929580688
causal,30600,-1.1833999752998352,-2.3150815963745117,-1.4672925472259521,-0.9624989628791809,-0.8786637187004089,-0.7379621267318726,-0.738900899887085
causal,30800,-1.2308079500993092,-2.4595866203308105,-1.5599422454833984,-0.9900387525558472,-0.8428097367286682,-0.8124879002571106,-0.7199824452400208
causal,31000,-1.2274581094582875,-2.561542510986328,-1.4377014636993408,-0.9514756202697754,-0.9221028089523315,-0.7330121994018555,-0.758914053440094
causal,31200,-1.2471059163411458,-2.5692052841186523,-1.5001091957092285,-0.9477922916412354,-0.922511875629425,-0.8023854494094849,-0.7406314015388489
causal,31400,-1.2484883566697438,-2.568795919418335,-1.4765489101409912,-0.9529211521148682,-0.9437335133552551,-0.8079807758331299,-0.7409498691558838
causal,31600,-1.2498784859975178,-2.5516631603240967,-1.5194190740585327,-0.9925520420074463,-0.9239275455474854,-0.7166725397109985,-0.7950365543365479
causal,31800,-1.2204860647519429,-2.493727684020996,-1.4791089296340942,-0.9299800395965576,-0.8580073714256287,-0.7932280898094177,-0.7688642740249634
causal,32000,-1.2298251688480377,-2.507459878921509,-1.5449446439743042,-0.9566227197647095,-0.8554965257644653,-0.7353163361549377,-0.7791109085083008
causal,32200,-1.2373589773972828,-2.5584399700164795,-1.519620418548584,-0.9063311815261841,-0.9104443788528442,-0.773491621017456,-0.7558262944221497
causal,32400,-1.135964572429657,-2.1435375213623047,-1.2963948249816895,-0.9458615183830261,-0.9590524435043335,-0.7605590224266052,-0.7103821039199829
causal,32600,-1.2191250522931416,-2.484201192855835,-1.5512182712554932,-0.8745312690734863,-0.8945255279541016,-0.7476473450660706,-0.7626267075538635
causal,32800,-1.1611102124055226,-2.3045880794525146,-1.361804723739624,-0.9087402820587158,-0.8939237594604492,-0.7521899342536926,-0.7454144954681396
causal,33000,-1.2415482699871063,-2.5374386310577393,-1.5093501806259155,-0.960357129573822,-0.9233378171920776,-0.7422893643379211,-0.7765164971351624
causal,33200,-1.210284282763799,-2.4359261989593506,-1.3965706825256348,-0.9389482736587524,-0.924460232257843,-0.7981321811676025,-0.7676681280136108
causal,33400,-1.025072455406189,-1.9035941362380981,-1.089892864227295,-0.8404813408851624,-0.8484693169593811,-0.7529725432395935,-0.7150245308876038
causal,33600,-1.2049812873204548,-2.4654200077056885,-1.447858214378357,-0.9689077734947205,-0.8872986435890198,-0.7388553619384766,-0.7215477228164673
causal,33800,-1.1580531001091003,-2.282757520675659,-1.4338934421539307,-0.9471128582954407,-0.8111506700515747,-0.7731227278709412,-0.7002813816070557
causal,34000,-1.258543034394582,-2.5582115650177,-1.4935749769210815,-1.0019220113754272,-0.9245211482048035,-0.8349860310554504,-0.7380424737930298
causal,34200,-1.2528011898199718,-2.6070635318756104,-1.5257344245910645,-0.9492598176002502,-0.9464098215103149,-0.7348487973213196,-0.7534907460212708
causal,34400,-1.216639220714569,-2.397951364517212,-1.5099583864212036,-1.0042544603347778,-0.8602467775344849,-0.7289749383926392,-0.7984493970870972
causal,34600,-1.2280444304148357,-2.440736770629883,-1.5109683275222778,-0.9628803133964539,-0.9039948582649231,-0.80678391456604,-0.742902398109436
causal,34800,-1.2617958386739094,-2.565092086791992,-1.5439943075180054,-0.9927775263786316,-0.9495232105255127,-0.7685973644256592,-0.750790536403656
causal,35000,-1.2558201054732006,-2.618340492248535,-1.5205256938934326,-0.9454835653305054,-0.887334406375885,-0.8052073121070862,-0.7580291628837585
causal,35200,-1.2704716225465138,-2.6831071376800537,-1.4647207260131836,-0.9690132141113281,-0.9498390555381775,-0.7674056887626648,-0.7887439131736755
causal,35400,-1.2145827213923137,-2.4737389087677,-1.496716856956482,-0.9108604192733765,-0.9301913380622864,-0.7516619563102722,-0.7243268489837646
causal,35600,-1.2497959633668263,-2.578150510787964,-1.465411901473999,-0.9425077438354492,-0.9502722024917603,-0.8242291808128357,-0.7382042407989502
causal,35800,-1.2463010549545288,-2.535027503967285,-1.5782549381256104,-1.0136176347732544,-0.8846015334129333,-0.7594215273857117,-0.7068831920623779
causal,36000,-1.2686342000961304,-2.6779212951660156,-1.5299022197723389,-0.9522004723548889,-0.9252880215644836,-0.7871876358985901,-0.7393055558204651
causal,36200,-1.2461401025454204,-2.628325939178467,-1.471805214881897,-0.9607776999473572,-0.9127659797668457,-0.7372309565544128,-0.7659348249435425
causal,36400,-1.2545161445935566,-2.5836236476898193,-1.5197874307632446,-0.9595128893852234,-0.8829887509346008,-0.8274013996124268,-0.7537827491760254
causal,36600,-1.2456985612710316,-2.5770387649536133,-1.5127707719802856,-0.9456562995910645,-0.8586316704750061,-0.7940942645072937,-0.785999596118927
causal,36800,-1.2638700405756633,-2.6341769695281982,-1.5360798835754395,-0.9889315366744995,-0.8998961448669434,-0.7934339046478271,-0.7307018041610718
causal,37000,-1.255227784315745,-2.645958185195923,-1.4941165447235107,-0.9354981184005737,-0.9108439087867737,-0.7628053426742554,-0.7821446061134338
causal,37200,-1.2315822740395863,-2.4439210891723633,-1.549633264541626,-0.9969841241836548,-0.9279719591140747,-0.7310462594032288,-0.7399369478225708
causal,37400,-1.2083727518717449,-2.464933395385742,-1.4585731029510498,-0.9854894280433655,-0.9123237133026123,-0.7147130966186523,-0.7142037749290466
causal,37600,-1.151605099439621,-2.294039011001587,-1.413476824760437,-0.9350758790969849,-0.842311680316925,-0.6886062026023865,-0.7361209988594055
causal,37800,-1.2637629608313243,-2.579965353012085,-1.541861653327942,-1.0160733461380005,-0.9306285381317139,-0.7126545906066895,-0.8013942837715149
causal,38000,-1.2660426795482635,-2.7151260375976562,-1.4953714609146118,-0.9087939858436584,-0.9388911724090576,-0.7613804936408997,-0.7766929268836975
causal,38200,-1.1918666064739227,-2.3309755325317383,-1.458410382270813,-0.9745615720748901,-0.9294726848602295,-0.7191507816314697,-0.7386286854743958
causal,38400,-1.2684181829293568,-2.663916826248169,-1.5291887521743774,-0.9346671104431152,-0.9056637287139893,-0.8345016241073608,-0.7425710558891296
causal,38600,-1.2591050863265991,-2.698024034500122,-1.506882667541504,-0.9636796116828918,-0.9089357256889343,-0.7146760821342468,-0.7624323964118958
causal,38800,-1.246292730172475,-2.4971120357513428,-1.5217947959899902,-0.9428926110267639,-0.9656664133071899,-0.8158445954322815,-0.7344459295272827
causal,39000,-1.265274703502655,-2.6282169818878174,-1.4695206880569458,-0.9317535758018494,-0.9597923159599304,-0.816399335861206,-0.7859653234481812
causal,39200,-1.2422216931978862,-2.6319587230682373,-1.4623897075653076,-0.9403061866760254,-0.9139915108680725,-0.7274676561355591,-0.777216374874115
causal,39400,-1.2895225683848064,-2.697521209716797,-1.5391775369644165,-0.9998447895050049,-0.964228630065918,-0.7959105372428894,-0.7404527068138123
causal,39600,-1.2511836489041646,-2.678570032119751,-1.4381951093673706,-0.9666911959648132,-0.8998240232467651,-0.7586379051208496,-0.7651836276054382
causal,39800,-1.2261414627234142,-2.4185903072357178,-1.52877938747406,-0.9929286241531372,-0.9577150344848633,-0.7612489461898804,-0.6975864768028259
causal,40000,-1.2272993127504985,-2.461773157119751,-1.4736849069595337,-0.8942264914512634,-0.9221062660217285,-0.8588845133781433,-0.7531205415725708
causal,40200,-1.175602674484253,-2.369274139404297,-1.4381352663040161,-0.9355408549308777,-0.8442670106887817,-0.72593754529953,-0.7404612302780151
causal,40400,-1.2859885096549988,-2.5989062786102295,-1.5874240398406982,-0.9999651312828064,-0.9816028475761414,-0.810511589050293,-0.7375211715698242
causal,40600,-1.2724814017613728,-2.6024527549743652,-1.5839331150054932,-0.9640987515449524,-0.9227914214134216,-0.8056058883666992,-0.7560064792633057
causal,40800,-1.271948258082072,-2.6581344604492188,-1.5458370447158813,-0.986671507358551,-0.9257856607437134,-0.7666118741035461,-0.748649001121521
causal,41000,-1.270793875058492,-2.656289577484131,-1.5642603635787964,-0.9891813397407532,-0.9140527844429016,-0.7969168424606323,-0.7040623426437378
causal,41200,-1.2712079485257466,-2.5422892570495605,-1.6142171621322632,-1.0068720579147339,-0.9062870144844055,-0.8140069246292114,-0.7435752749443054
causal,41400,-1.2748222947120667,-2.626009941101074,-1.4618867635726929,-1.055765986442566,-0.9941734671592712,-0.7564501166343689,-0.7546474933624268
causal,41600,-1.1668015519777934,-2.527351140975952,-1.1446924209594727,-0.9012326002120972,-0.9033337235450745,-0.754582405090332,-0.7696170210838318
causal,41800,-1.264340341091156,-2.593193531036377,-1.5310864448547363,-1.0005161762237549,-0.9307411909103394,-0.7584110498428345,-0.772093653678894
causal,42000,-1.2881394823392232,-2.7882680892944336,-1.61300790309906,-0.9223757386207581,-0.9246821403503418,-0.7170349359512329,-0.7634680867195129
causal,42200,-1.275414139032364,-2.6627211570739746,-1.5453922748565674,-0.9977555871009827,-0.9558706283569336,-0.7283852696418762,-0.7623599171638489
causal,42400,-1.2902002334594727,-2.738217830657959,-1.5791184902191162,-0.9609407186508179,-0.9425486326217651,-0.7323628067970276,-0.7880129218101501
causal,42600,-1.2623419165611267,-2.598310708999634,-1.510325312614441,-0.9848259687423706,-0.9403604865074158,-0.7804296016693115,-0.7597994208335876
causal,42800,-1.2534768879413605,-2.5475621223449707,-1.5563924312591553,-0.9545699954032898,-0.9332994818687439,-0.747038722038269,-0.7819985747337341
causal,43000,-1.2517094910144806,-2.6175105571746826,-1.5029690265655518,-0.9457412362098694,-0.9219789505004883,-0.7685848474502563,-0.7534723281860352
causal,43200,-1.280164937178294,-2.6819326877593994,-1.5984975099563599,-0.9451276063919067,-0.8901801109313965,-0.8057488799095154,-0.7595028281211853
causal,43400,-1.269580602645874,-2.6823911666870117,-1.5562430620193481,-0.9437008500099182,-0.9417926073074341,-0.774686872959137,-0.718669056892395
causal,43600,-1.2857665220896404,-2.6031408309936523,-1.5360187292099,-1.0686942338943481,-0.9405070543289185,-0.8031893968582153,-0.7630488872528076
causal,43800,-1.2738944093386333,-2.703646421432495,-1.497434377670288,-0.9855558276176453,-0.9564602375030518,-0.7505107522010803,-0.7497588396072388
causal,44000,-1.2758728464444478,-2.7013907432556152,-1.5737056732177734,-0.9611957669258118,-0.9129512906074524,-0.7977973818778992,-0.708196222782135
causal,44200,-1.2457271814346313,-2.542856454849243,-1.4787447452545166,-0.9962002038955688,-0.9384680390357971,-0.7210158109664917,-0.7970778346061707
causal,44400,-1.2589187920093536,-2.727663278579712,-1.4568500518798828,-0.9537563920021057,-0.9331415295600891,-0.7613353729248047,-0.7207661271095276
causal,44600,-1.2736845314502716,-2.678804874420166,-1.551257848739624,-0.9296489953994751,-0.9721434712409973,-0.7811121940612793,-0.7291398048400879
causal,44800,-1.281926453113556,-2.6765289306640625,-1.5936323404312134,-0.9749120473861694,-0.9614865183830261,-0.743066668510437,-0.741932213306427
causal,45000,-1.2975710332393646,-2.7031941413879395,-1.5438404083251953,-1.0085909366607666,-0.9357433319091797,-0.7680313587188721,-0.8260260224342346
causal,45200,-1.273809830347697,-2.7077741622924805,-1.5868932008743286,-0.9179018139839172,-0.9634599089622498,-0.7122039198875427,-0.7546259760856628
causal,45400,-1.2947121659914653,-2.706350088119507,-1.5479339361190796,-0.9976861476898193,-0.9345693588256836,-0.7919288873672485,-0.7898045778274536
causal,45600,-1.2870788673559825,-2.7181670665740967,-1.5565694570541382,-0.9832645654678345,-0.903907835483551,-0.7943174242973328,-0.7662468552589417
causal,45800,-1.3038484454154968,-2.7150089740753174,-1.6393555402755737,-0.9807530045509338,-0.9281386137008667,-0.7942309975624084,-0.7656035423278809
causal,46000,-1.2936342060565948,-2.729414701461792,-1.4854381084442139,-0.9880506992340088,-0.9618711471557617,-0.8017932772636414,-0.7952373027801514
causal,46200,-1.2665008902549744,-2.538266658782959,-1.6017241477966309,-0.9730868339538574,-0.9242950677871704,-0.7597029805183411,-0.8019296526908875
causal,46400,-1.2941265404224396,-2.7525625228881836,-1.4940872192382812,-0.9510436058044434,-0.9699791073799133,-0.7933530807495117,-0.8037337064743042
causal,46600,-1.2922526895999908,-2.656960964202881,-1.5715296268463135,-1.0121968984603882,-0.8886351585388184,-0.7854920625686646,-0.8387014269828796
causal,46800,-1.286257843176524,-2.679973602294922,-1.540354609489441,-0.9890021085739136,-0.9119958281517029,-0.8167411088943481,-0.7794798016548157
causal,47000,-1.2327747245629628,-2.4174411296844482,-1.5120906829833984,-0.9822748899459839,-0.9446868300437927,-0.7971029281616211,-0.7430518865585327
causal,47200,-1.2898802260557811,-2.7211806774139404,-1.547834873199463,-1.0043460130691528,-0.9154826402664185,-0.7902686595916748,-0.7601684927940369
causal,47400,-1.2391942242781322,-2.5656323432922363,-1.5203276872634888,-0.931694507598877,-0.897566020488739,-0.7494006752967834,-0.7705441117286682
causal,47600,-1.249483972787857,-2.6338844299316406,-1.4873582124710083,-0.9208058714866638,-0.8968051075935364,-0.7824984788894653,-0.7755517363548279
causal,47800,-1.2391929924488068,-2.511530876159668,-1.3666480779647827,-0.9685719013214111,-0.9358001947402954,-0.8420554995536804,-0.8105514049530029
causal,48000,-1.2769794364770253,-2.6905884742736816,-1.5293521881103516,-0.9597977995872498,-0.949016809463501,-0.7543638348579407,-0.7787575125694275
causal,48200,-1.2634988029797871,-2.7059571743011475,-1.4653438329696655,-0.9672619104385376,-0.9345380663871765,-0.7615385055541992,-0.7463533282279968
causal,48400,-1.309279203414917,-2.7454328536987305,-1.608948826789856,-0.983005702495575,-0.9581069350242615,-0.7839088439941406,-0.7762720584869385
causal,48600,-1.252457747856776,-2.582754373550415,-1.4789544343948364,-0.9525297284126282,-0.9110037088394165,-0.8482149839401245,-0.7412892580032349
causal,48800,-1.2851690451304119,-2.6619322299957275,-1.5515100955963135,-1.0200051069259644,-0.9531334638595581,-0.7767103910446167,-0.7477229833602905
causal,49000,-1.278601696093877,-2.739788293838501,-1.4688444137573242,-0.9794652462005615,-0.9660617113113403,-0.7890484929084778,-0.7284020185470581
causal,49200,-1.266825666030248,-2.684941053390503,-1.5448496341705322,-0.9484454989433289,-0.8813127875328064,-0.7724207043647766,-0.768984317779541
causal,49400,-1.2920472820599873,-2.7008979320526123,-1.5024278163909912,-0.9935229420661926,-0.973527193069458,-0.8113614916801453,-0.7705463171005249
causal,49600,-1.2700793544451396,-2.6522939205169678,-1.4944192171096802,-1.002472996711731,-0.9819284081459045,-0.7267696857452393,-0.7625918984413147
causal,49800,-1.3089778920014699,-2.7447140216827393,-1.5263779163360596,-1.0233714580535889,-0.953750729560852,-0.7905884981155396,-0.8150647282600403
causal,50000,-1.302188555399577,-2.7435059547424316,-1.5268038511276245,-1.0229572057724,-0.9222735166549683,-0.8262966871261597,-0.771294116973877
causal,50200,-1.3108187913894653,-2.726604700088501,-1.6350659132003784,-1.0041160583496094,-0.9427792429924011,-0.7749599814414978,-0.7813868522644043
causal,50400,-1.2921106219291687,-2.7267026901245117,-1.5118484497070312,-0.9954774379730225,-0.9567214846611023,-0.7744525671005249,-0.7874611020088196
causal,50600,-1.2977206707000732,-2.6736905574798584,-1.5629897117614746,-1.0075653791427612,-0.9704639315605164,-0.8119972348213196,-0.7596172094345093
causal,50800,-1.2907225489616394,-2.742616891860962,-1.599347710609436,-0.9312160611152649,-0.9564315676689148,-0.7825144529342651,-0.7322086095809937
causal,51000,-1.2982847690582275,-2.7194864749908447,-1.5716966390609741,-0.9457729458808899,-0.9698154926300049,-0.7540146112442017,-0.82892245054245
causal,51200,-1.2952880362669628,-2.660517454147339,-1.6213477849960327,-0.9785717725753784,-0.9982464909553528,-0.7695252299308777,-0.7435194849967957
causal,51400,-1.2772695024808247,-2.7272119522094727,-1.547425389289856,-0.930720329284668,-0.905606746673584,-0.767849326133728,-0.7848032712936401
causal,51600,-1.2846859097480774,-2.7285220623016357,-1.5344949960708618,-0.8973299264907837,-0.9657782912254333,-0.7738122940063477,-0.8081778883934021
causal,51800,-1.309888223807017,-2.7327306270599365,-1.5883214473724365,-0.9478987455368042,-0.9555555582046509,-0.8013807535171509,-0.833442211151123
causal,52000,-1.3022106289863586,-2.7767579555511475,-1.5504138469696045,-1.0162043571472168,-0.9301456809043884,-0.753369927406311,-0.7863720059394836
causal,52200,-1.2805574834346771,-2.564683437347412,-1.579206943511963,-1.009121298789978,-0.9935048818588257,-0.7822253704071045,-0.7546029686927795
causal,52400,-1.260185311237971,-2.649395704269409,-1.5393962860107422,-0.9096789956092834,-0.9252928495407104,-0.7575511932373047,-0.779796838760376
causal,52600,-1.3061059912045796,-2.7545864582061768,-1.5520752668380737,-1.0105723142623901,-0.9670271277427673,-0.8043292164802551,-0.7480455636978149
causal,52800,-1.283291717370351,-2.6228089332580566,-1.5495080947875977,-0.9832077026367188,-1.0131474733352661,-0.7563522458076477,-0.7747258543968201
causal,53000,-1.2986484865347545,-2.7388579845428467,-1.6036933660507202,-0.9636605978012085,-0.9503250122070312,-0.783475935459137,-0.751878023147583
causal,53200,-1.3258995115756989,-2.857201337814331,-1.583151936531067,-0.9952874183654785,-0.9422059059143066,-0.8346743583679199,-0.7428761124610901
causal,53400,-1.2732635537783306,-2.6963677406311035,-1.581910252571106,-0.9536796808242798,-0.9094568490982056,-0.7569513320922852,-0.7412154674530029
causal,53600,-1.3174816767374675,-2.7590584754943848,-1.5819076299667358,-0.9619171619415283,-0.9780064225196838,-0.8210849761962891,-0.8029153943061829
causal,53800,-1.2822734812895458,-2.6573333740234375,-1.5344626903533936,-0.9665183424949646,-0.9638049602508545,-0.7970147132873535,-0.7745068073272705
causal,54000,-1.2697234253088634,-2.559175491333008,-1.559004306793213,-0.9766045212745667,-0.9488447904586792,-0.8188098073005676,-0.7559016346931458
causal,54200,-1.2932514250278473,-2.742047071456909,-1.5705111026763916,-0.9654979705810547,-0.9183989763259888,-0.7580198049545288,-0.8050336241722107
causal,54400,-1.3076677918434143,-2.7734034061431885,-1.5343319177627563,-0.97437584400177,-0.9680517911911011,-0.8209775686264038,-0.7748662233352661
causal,54600,-1.2679996689160664,-2.7209863662719727,-1.5088709592819214,-0.9658570289611816,-0.9267870187759399,-0.7503524422645569,-0.7351441979408264
causal,54800,-1.2720008889834087,-2.716186046600342,-1.5143033266067505,-0.9510265588760376,-0.9201293587684631,-0.7938624024391174,-0.7364976406097412
causal,55000,-1.290916492541631,-2.6725471019744873,-1.5757931470870972,-0.9920815229415894,-0.9189128279685974,-0.7661118507385254,-0.8200525045394897
causal,55200,-1.2917641003926594,-2.7422564029693604,-1.4940848350524902,-0.9759131669998169,-0.9258304238319397,-0.8183519244194031,-0.7941478490829468
causal,55400,-1.3101339836915333,-2.7291295528411865,-1.589846134185791,-1.015529990196228,-0.968567430973053,-0.8095169067382812,-0.7482138872146606
causal,55600,-1.3038655022780101,-2.7352447509765625,-1.4921883344650269,-1.0336014032363892,-0.9887003898620605,-0.8174078464508057,-0.7560502886772156
causal,55800,-1.289628803730011,-2.6633780002593994,-1.5494815111160278,-1.0202373266220093,-0.8931527733802795,-0.8024245500564575,-0.8090986609458923
causal,56000,-1.312119295199712,-2.6737964153289795,-1.5607227087020874,-1.0159693956375122,-0.9366268515586853,-0.8703981637954712,-0.8152022361755371
causal,56200,-1.3009024262428284,-2.726614475250244,-1.6057771444320679,-0.9981032013893127,-0.9325032234191895,-0.7906234264373779,-0.7517930865287781
causal,56400,-1.3251489400863647,-2.786818265914917,-1.5468707084655762,-1.0113842487335205,-0.9622037410736084,-0.8410347700119019,-0.8025819063186646
causal,56600,-1.3337441782156627,-2.854625701904297,-1.6111741065979004,-0.9902068376541138,-0.9811111092567444,-0.7764688730239868,-0.7888784408569336
causal,56800,-1.2854647835095723,-2.7906808853149414,-1.56367027759552,-0.9246842861175537,-0.9293510317802429,-0.7763971090316772,-0.7280051112174988
causal,57000,-1.2746735413869221,-2.728774070739746,-1.5670839548110962,-0.9015953540802002,-0.9458285570144653,-0.7371892333030701,-0.7675700783729553
causal,57200,-1.260649174451828,-2.5197463035583496,-1.5381700992584229,-0.9983949661254883,-0.9615840315818787,-0.8169582486152649,-0.7290413975715637
causal,57400,-1.2639418840408325,-2.6851587295532227,-1.5187984704971313,-0.9458167552947998,-0.9433974027633667,-0.7634323835372925,-0.7270475625991821
causal,57600,-1.3095091183980305,-2.756709575653076,-1.513404369354248,-1.005726933479309,-0.9468299746513367,-0.8328545093536377,-0.8015293478965759
causal,57800,-1.294358750184377,-2.7232773303985596,-1.5290510654449463,-1.023262619972229,-0.9715601801872253,-0.7159379124641418,-0.8030633926391602
causal,58000,-1.2981803317864735,-2.756906032562256,-1.558552861213684,-0.9785858392715454,-0.983985424041748,-0.7650254368782043,-0.7460263967514038
causal,58200,-1.3021766742070515,-2.7517402172088623,-1.5137779712677002,-1.041016697883606,-0.9210012555122375,-0.81216961145401,-0.7733542919158936
causal,58400,-1.3145667016506195,-2.818826675415039,-1.6072709560394287,-0.9114209413528442,-0.9644673466682434,-0.7851046919822693,-0.8003095984458923
causal,58600,-1.2815379599730174,-2.6864566802978516,-1.4876633882522583,-0.978689432144165,-0.961225152015686,-0.8078163862228394,-0.767376720905304
causal,58800,-1.303229570388794,-2.704341411590576,-1.5890241861343384,-1.0020942687988281,-0.9566577672958374,-0.7590319514274597,-0.8082278370857239
causal,59000,-1.2791343530019124,-2.6626007556915283,-1.5409866571426392,-0.9189599752426147,-1.0027594566345215,-0.7532200813293457,-0.7962791919708252
causal,59200,-1.296645998954773,-2.7192721366882324,-1.5763779878616333,-1.0216437578201294,-0.9386218190193176,-0.7643016576766968,-0.7596586346626282
causal,59400,-1.3184014558792114,-2.7965188026428223,-1.5368013381958008,-1.03578519821167,-0.9702866673469543,-0.799048662185669,-0.7719680666923523
causal,59600,-1.298750638961792,-2.737605571746826,-1.577569842338562,-0.9689891934394836,-0.9491509795188904,-0.7886126637458801,-0.7705755829811096
causal,59800,-1.301974097887675,-2.7360990047454834,-1.5577096939086914,-0.9793859124183655,-0.978502094745636,-0.7655379772186279,-0.7946099042892456
causal,59999,-1.260230541229248,-2.534855604171753,-1.5552555322647095,-0.9423941969871521,-0.9470945000648499,-0.8187209963798523,-0.7630624175071716
